dicom_path,pixel_read_success,pixel_read_error,file_sha256,pixel_sha256,pixel_dtype,pixel_height,pixel_width,pixel_min,pixel_max,pixel_mean,pixel_std,nonzero_fraction,is_constant
/content/external_datasets/inbreast/INbreast Release 1.0/AllDICOMs/20586908_6c613a14b80a8591_MG_R_CC_ANON.dcm,True,,b3244f7af98022f0f978407a8b72bd1014d1c89dba69c36f9f8dcc56c4a15cca,bb769bee51d9b37ead8761acf382c43d56558ce8e878a63e678a334192c173b9,uint16,4084,3328,0.0,2970.0,564.7186279296875,729.63134765625,0.38072877917106157,False
/content/external_datasets/inbreast/INbreast Release 1.0/AllDICOMs/20586934_6c613a14b80a8591_MG_L_CC_ANON.dcm,True,,ee4daa5e0a8065c4d51be25ef233cdd276bca34de5a36ebc3406c8a82dd41c2a,031de3a5e494992c407203d5cecdb4b3ff7e298b8a2fabb4af3525f15eb43afa,uint16,4084,3328,0.0,2413.0,471.5953674316406,692.2086791992188,0.32217976284091765,False
/content/external_datasets/inbreast/INbreast Release 1.0/AllDICOMs/20586960_6c613a14b80a8591_MG_R_ML_ANON.dcm,True,,a5a2ae290e1083ad5ac491abfeef830b6f746cc864a73171f84d99c8d31d2934,b298d113f8a70fde84fe3846b2dd5cac3a19ace97045215ab6bd84120eb6ce65,uint16,4084,3328,0.0,2699.0,614.2379150390625,725.0036010742188,0.42519095685319824,False
/content/external_datasets/inbreast/INbreast Release 1.0/AllDICOMs/20586986_6c613a14b80a8591_MG_L_ML_ANON.dcm,True,,a1fbeef4c80790a38ce2083693e7f036d04311c22d6db90ffbde80de73df2146,7a79cc6d262f2e956cecd98febccf64ee8e5699271304d3f5941447539a5c6af,uint16,4084,3328,0.0,3887.0,512.6834716796875,687.5172119140625,0.3653695324860619,False
/content/external_datasets/inbreast/INbreast Release 1.0/AllDICOMs/20587054_b6a4f750c6df4f90_MG_R_CC_ANON.dcm,True,,08d83aecf61fab9e373fae6a00b54763e305d39897bc018add7354c1ecdfa740,a736f089bb59b8ffbc07e3bb00cfc1cf0b482644ee81b1c3fee36031de1bee8b,uint16,3328,2560,0.0,2901.0,449.5740966796875,673.8775024414062,0.31611727201021633,False
/content/external_datasets/inbreast/INbreast Release 1.0/AllDICOMs/20587080_b6a4f750c6df4f90_MG_R_ML_ANON.dcm,True,,b1c4336e3c4e24d591fb4afc128ce414750827a20f899f3de4160c5450db141f,ec08b9fd4b568f60298383ddc0c299c7ce4bfdf8223cd582b6bda4504751e3b3,uint16,3328,2560,0.0,2336.0,626.7421875,723.4576416015625,0.44048555814302887,False
/content/external_datasets/inbreast/INbreast Release 1.0/AllDICOMs/20587148_fd746d25eb40b3dc_MG_R_CC_ANON.dcm,True,,02ad29912fef58db684e6e748c113cc86dfff08d7eeddef0504f7cff56df9c13,4820116cfefeb4bf0f50e9adc132471547cd15e3dbdfeb7b9595eab5509d0748,uint16,3328,2560,0.0,3164.0,275.3678283691406,579.552001953125,0.1865436260516827,False
/content/external_datasets/inbreast/INbreast Release 1.0/AllDICOMs/20587174_fd746d25eb40b3dc_MG_L_CC_ANON.dcm,True,,2ce561f323d601ba94f0fd83e00082256b31924c7c17d8d9907269c370958451,d204d7351a79503147768b5671a3946fefcc23731916efb5d5ec1758f77eb1c0,uint16,3328,2560,0.0,3521.0,265.9443664550781,579.1090698242188,0.17656015249399037,False
/content/external_datasets/inbreast/INbreast Release 1.0/AllDICOMs/20587200_fd746d25eb40b3dc_MG_R_ML_ANON.dcm,True,,940786fe951f2a9579a3a660d6831343a34c3ef300230b18d97e17270cd1e903,0dd1075e1c40361820efbef80a0d20c31ab4fea3e517cb7eed348ac8e7a369b0,uint16,3328,2560,0.0,3365.0,473.8302001953125,711.58740234375,0.3132341825045072,False
/content/external_datasets/inbreast/INbreast Release 1.0/AllDICOMs/20587226_fd746d25eb40b3dc_MG_L_ML_ANON.dcm,True,,113c3241f4c51c58c97e1237bcb799ba033f75c32d6e2b34486fcbbebc53a902,078a9f64879d4d0c1cc756c897c3f055d9173ab6abcd09a1d5a38f67da65ba24,uint16,3328,2560,0.0,3450.0,388.4460144042969,648.0442504882812,0.26894754263070914,False
/content/external_datasets/inbreast/INbreast Release 1.0/AllDICOMs/20587294_e634830794f5c1bd_MG_R_CC_ANON.dcm,True,,90ba77d22ce56a89697f5a5ef2cf8929ded07e3771fc6f62e774724e0bde2b09,ad83c06b2bd8b93b60e2f361714b09ae461aa6773c894450e02c21d794047ee5,uint16,3328,2560,0.0,2068.0,586.4306640625,739.499267578125,0.38880216158353365,False
/content/external_datasets/inbreast/INbreast Release 1.0/AllDICOMs/20587320_e634830794f5c1bd_MG_L_CC_ANON.dcm,True,,f23e1044e528a5c7152ee68d6157c706b77c55b967c752b2c758cba27b1dc3a2,fa70d45d1cfad60bafd49e148e0bfb9053b530ea413c97e5ac6a3b4ec0539555,uint16,3328,2560,0.0,2699.0,642.2518920898438,749.9403076171875,0.42601600060096156,False
/content/external_datasets/inbreast/INbreast Release 1.0/AllDICOMs/20587346_e634830794f5c1bd_MG_R_ML_ANON.dcm,True,,8fafff5e0371df9897fad90e60a26415f5e8479a3f5e19360a9218d6ecb93cc6,7d58811da6dbf6a434898ddb58af0d46c870546d6b814da30c0133e05fd01641,uint16,3328,2560,0.0,2253.0,706.4496459960938,755.571044921875,0.4720669086162861,False
/content/external_datasets/inbreast/INbreast Release 1.0/AllDICOMs/20587372_e634830794f5c1bd_MG_L_ML_ANON.dcm,True,,7aa4d960033c8959fdd923bcea6b8b2574fef160519939031f9d3abc2a766e7b,e40665016cebaace0aa30eaa035fa67473abbb515401c4d0610f6541e31bf43a,uint16,3328,2560,0.0,2524.0,792.4993896484375,753.730712890625,0.5299038226787861,False
/content/external_datasets/inbreast/INbreast Release 1.0/AllDICOMs/20587466_d571b5880ad2a016_MG_L_CC_ANON.dcm,True,,ed504da364d391cc68ea0ee79c4dc08942896930ce245281e7669a53839a6d5f,030b9375f7aaccc19f7b244c43827cfeb03a5e416bf9c5ae011707a19009a027,uint16,3328,2560,0.0,2145.0,229.47218322753906,524.1453247070312,0.16773763803335337,False
/content/external_datasets/inbreast/INbreast Release 1.0/AllDICOMs/20587492_d571b5880ad2a016_MG_R_ML_ANON.dcm,True,,1b68290504271116a0ff5cff631f68929ac546ca3e1e4ce78826051a3b2e3920,1f214f96bfe3aa771b6b33d2a89ba85eab376d011f2fde50f8f8245005bfd34a,uint16,3328,2560,0.0,2201.0,261.474853515625,548.4015502929688,0.19321148212139422,False
/content/external_datasets/inbreast/INbreast Release 1.0/AllDICOMs/20587518_d571b5880ad2a016_MG_L_ML_ANON.dcm,True,,7b9804fbdc9e80c31210dc2210c972320efb5f2b81f80ed917d9d3455d98ae88,309fc81ee94ab10bbadd64a8fd455efdfee2e622aa5896b8a1afb8518a5f9e6a,uint16,3328,2560,0.0,2155.0,309.70208740234375,575.0333251953125,0.23621661846454328,False
/content/external_datasets/inbreast/INbreast Release 1.0/AllDICOMs/20587544_d571b5880ad2a016_MG_R_CC_ANON.dcm,True,,b513af41dbf0c38dd1b35e8cca6951aca2c46473a1f2df12871b9827a586cdaf,849eac8993128e401c917a092609d142a0db86bdb3c3dd0e98894090fcbf8eb9,uint16,3328,2560,0.0,2159.0,201.37855529785156,494.2436828613281,0.1491466815655048,False
/content/external_datasets/inbreast/INbreast Release 1.0/AllDICOMs/20587612_f4b2d377f43ba0bd_MG_R_CC_ANON.dcm,True,,3d8350b9cfe962b6db3c818147881bb4fb7b626fa1e5698224641fb508353353,bc7f74dcfd5e62b55a50085308fcc4b0637782241987ac711a3d489f0f7781c7,uint16,4084,3328,0.0,3304.0,549.0022583007812,727.223876953125,0.36672640475495366,False
/content/external_datasets/inbreast/INbreast Release 1.0/AllDICOMs/20587638_f4b2d377f43ba0bd_MG_L_CC_ANON.dcm,True,,93064e7ebc03cc56e252ec3776aab3519d6a50792c2d399634b42c7ec888e153,21920642231553b60642f19070cde0d6ec86bc23ec3ee6bec93a910ba7aef862,uint16,4084,3328,0.0,2893.0,541.9752807617188,723.287353515625,0.3629781941017479,False
/content/external_datasets/inbreast/INbreast Release 1.0/AllDICOMs/20587664_f4b2d377f43ba0bd_MG_R_ML_ANON.dcm,True,,7e48ec352be88404c97face14bf74160fd6fbcf917e7d51088dffb5e98ec5a0a,1f901fa0cc51c26ca2e3d5ac853ad7b4f86894dc73fb01ef5155eb5c70b5c0b3,uint16,4084,3328,0.0,2978.0,605.5481567382812,733.837158203125,0.41005942514879834,False
/content/external_datasets/inbreast/INbreast Release 1.0/AllDICOMs/20587690_f4b2d377f43ba0bd_MG_L_ML_ANON.dcm,True,,048ea2ec2f1a62d4a4cd9b2ea233f17e7de2cf07a5fb2583f297e22f4ad691b6,3150b085a08b6f67bc4c75e7bffed968be4a220829e2250e138b2677011270cd,uint16,4084,3328,0.0,3480.0,616.4620971679688,725.8026733398438,0.4264752840588036,False
/content/external_datasets/inbreast/INbreast Release 1.0/AllDICOMs/20587758_81cd83d2f4d78528_MG_L_CC_ANON.dcm,True,,7dc72804b48e63a1851001866acecbdf55c3b6fa8b5f48f56835361a2f1af172,fce3d0fce7c1f44a0c52b7f3fa4d320649af1cc52deb2937cd6efa96f66e8213,uint16,3328,2560,0.0,2393.0,514.6043090820312,685.242431640625,0.37033527080829326,False
/content/external_datasets/inbreast/INbreast Release 1.0/AllDICOMs/20587784_81cd83d2f4d78528_MG_R_ML_ANON.dcm,True,,8a9549ce4d836a631d9d0378cdb83d28ff8791f3171d0e71ebcbf2be1ce5318e,ee2c629772ffbb1dab0a363a48de1424a7aff3ee1f7787d50540397a5b984219,uint16,3328,2560,0.0,2260.0,573.9268798828125,706.7446899414062,0.4058049128605769,False
/content/external_datasets/inbreast/INbreast Release 1.0/AllDICOMs/20587810_81cd83d2f4d78528_MG_L_ML_ANON.dcm,True,,89b397160a05eba39ee65f3658fea180cb1bbbd5e21b87c93e0f4b2de340b882,1a06c21f54090a47efb520f1d32b1b4b7a1f1770b8444cee5ac6fbb85c6c82f2,uint16,3328,2560,0.0,2326.0,645.6485595703125,710.6815185546875,0.46304297814002404,False
/content/external_datasets/inbreast/INbreast Release 1.0/AllDICOMs/20587836_81cd83d2f4d78528_MG_R_CC_ANON.dcm,True,,c2aa9e1d2bcc09d3134736aadf425374ff8c41d311614549e1d3977fe32f3574,53a884910e1cb1249970ffe95ed27ccbad70bf75414bda57ce2b666848326778,uint16,3328,2560,0.0,2217.0,437.3154296875,663.174560546875,0.30973217303936296,False
/content/external_datasets/inbreast/INbreast Release 1.0/AllDICOMs/20587902_8dbbd4e51f549ff0_MG_R_CC_ANON.dcm,True,,bf8477ab935bd33fe681dafed29f8f16573df7cf76cf72beb983451e44463a75,58e16297b734f51f70f89e2d6100b4ac5fd4faa2d3b168210a324084ee8b04e8,uint16,3328,2560,0.0,2158.0,315.4690856933594,587.6384887695312,0.23338024432842547,False
/content/external_datasets/inbreast/INbreast Release 1.0/AllDICOMs/20587928_8dbbd4e51f549ff0_MG_R_ML_ANON.dcm,True,,c5aae378b23d154bb524eb59a7637f37f1b4b1e4e6871056eb1cbeae654378ce,c285d14cc5ea78437c7afe352936d042bf822ad357902495effe3e98834cec08,uint16,3328,2560,0.0,2316.0,422.23590087890625,622.8556518554688,0.32902397742638223,False
/content/external_datasets/inbreast/INbreast Release 1.0/AllDICOMs/20587994_024ee3569b2605dc_MG_R_CC_ANON.dcm,True,,1a6eff98c1093bec258a27ab61d7a6735a933941268e3d7b8cb7589147b8aa51,1f974a40c8db8494a88c65e26ddb8f0bed9724ed880a231e4abe8581fd3c6fe5,uint16,3328,2560,0.0,2722.0,557.331298828125,722.77685546875,0.3782474224384014,False
/content/external_datasets/inbreast/INbreast Release 1.0/AllDICOMs/20588020_024ee3569b2605dc_MG_L_CC_ANON.dcm,True,,7733cc36f81e8e0bddfbffc327f51b675abf9036b06a94716fac229212a438e5,beb2568259334012f2ea219aace0f2ea4112bc5c0a2e67baaf775f655f5f0893,uint16,3328,2560,0.0,2226.0,584.9688110351562,728.5213012695312,0.3968785212590144,False
/content/external_datasets/inbreast/INbreast Release 1.0/AllDICOMs/20588046_024ee3569b2605dc_MG_R_ML_ANON.dcm,True,,a4004ffe1115404985b9be3fe1af957b5d66e33787264f19ee63fc1bd6b093cd,336bedaf154d7d158567c6b9a7048f2a352d0dd28c9058dd16bcfabad92ae0f8,uint16,3328,2560,0.0,2442.0,744.28955078125,761.4251098632812,0.4982889028695913,False
/content/external_datasets/inbreast/INbreast Release 1.0/AllDICOMs/20588072_024ee3569b2605dc_MG_L_ML_ANON.dcm,True,,9ce000e0097b6a729b3e7e491ab002bd35fde6d43dafa244164325f33427115a,6813be99ceedee1bdab0502a301b3a49f11eb4095c1a24c492805106fe3f978b,uint16,3328,2560,0.0,2334.0,704.4138793945312,744.1571655273438,0.4803752018855168,False
/content/external_datasets/inbreast/INbreast Release 1.0/AllDICOMs/20588138_8d0b9620c53c0268_MG_R_ML_ANON.dcm,True,,c087c30388d2e535f7ffd42e2d6cd282e211cfaf172962e8e9aecbfa64e46a04,0bb2c385fdaeab0bee3227ff019c8d85c7bcea9c7dd3e4f33579daf10133efd2,uint16,3328,2560,0.0,2211.0,617.4597778320312,714.2798461914062,0.43628117487980766,False
/content/external_datasets/inbreast/INbreast Release 1.0/AllDICOMs/20588164_8d0b9620c53c0268_MG_R_CC_ANON.dcm,True,,32a61c8c9217eadd8faa2ebc234f119efc9451bc6c41e2210c45a8c0cdf16e6d,01189435fa9c8b38e6551d3263e8e0c0d340b7a7cc368d4dc06dae127a254ec6,uint16,3328,2560,0.0,2364.0,466.89984130859375,678.5916137695312,0.3274009117713341,False
/content/external_datasets/inbreast/INbreast Release 1.0/AllDICOMs/20588190_8d0b9620c53c0268_MG_L_CC_ANON.dcm,True,,b37b0ebca9584db3996a69a5da6039709a46830b31155ace01ae0342b40a0392,09c65169e9f8734a348aa01d285d9d728228e89ad0af7a3933abaaee5394b3e2,uint16,3328,2560,0.0,2013.0,433.4796447753906,661.1773071289062,0.30651714618389425,False
/content/external_datasets/inbreast/INbreast Release 1.0/AllDICOMs/20588216_8d0b9620c53c0268_MG_L_ML_ANON.dcm,True,,0f457b06a97648832e5ea7efc0a485194cf0f5e07de3a1a572e5450d9ee97cf6,2f258178e339c91188c3b76869fde148ab6177727bcca09df512fb7b70f6920f,uint16,3328,2560,0.0,2196.0,617.4193725585938,723.8798217773438,0.4297248253455529,False
/content/external_datasets/inbreast/INbreast Release 1.0/AllDICOMs/20588308_493155e17143edef_MG_L_ML_ANON.dcm,True,,e2ca2a0ae9f574ed4ead0041f1d6e7253f397a3c22a256da71b66e1e0ea10aad,90081ec5b6f924c3ea3e65efa998f89bc6ca7f1886eba01faaa47ab1f3b7642a,uint16,3328,2560,0.0,2118.0,364.4743957519531,615.213623046875,0.2669189453125,False
/content/external_datasets/inbreast/INbreast Release 1.0/AllDICOMs/20588334_493155e17143edef_MG_L_CC_ANON.dcm,True,,dfbc7bdbfeee0a9f23a286e7190f50f8a4785f423fa4688e23d2a9ac5b25a152,16b374ef71ee4c36fbfc76c222d78c72a84f1379b4773f2110cef4c17c672c18,uint16,3328,2560,0.0,2020.0,258.627685546875,553.0625,0.18434647780198318,False
/content/external_datasets/inbreast/INbreast Release 1.0/AllDICOMs/20588458_bf1a6aaadb05e3df_MG_R_CC_ANON.dcm,True,,9a8f5148d97418494867e53f6a339f81dce7d93dce37876f41484e12892fc174,68f3d78a19242ea8cf58967dc33bc836e0ec4266cc23f4de27c35446360c5560,uint16,3328,2560,0.0,2376.0,525.322021484375,711.8239135742188,0.35919271615835335,False
/content/external_datasets/inbreast/INbreast Release 1.0/AllDICOMs/20588510_bf1a6aaadb05e3df_MG_R_ML_ANON.dcm,True,,e22ada649b2524e839f89a5eb867b21f3faa10e15bc4a2c46e00205718a60823,bd3c798177d1c05f6d4463a933519da880cede694506d5a9ddbd2d5172d26014,uint16,3328,2560,0.0,2346.0,727.3771362304688,759.0032348632812,0.48991241455078127,False
/content/external_datasets/inbreast/INbreast Release 1.0/AllDICOMs/20588536_bf1a6aaadb05e3df_MG_L_ML_ANON.dcm,True,,e3b2b7b884a323608b983ad7e350618c3293c2d98d1caeddfab241e9ca31b3b3,bddd35c03dbb3d88b4aaaeb4b42a945a44aec2ee8fa3793bc667148deadc7d97,uint16,3328,2560,0.0,2464.0,705.088134765625,742.3990478515625,0.4899550217848558,False
/content/external_datasets/inbreast/INbreast Release 1.0/AllDICOMs/20588562_bf1a6aaadb05e3df_MG_L_CC_ANON.dcm,True,,6e0728200edeb93f95896bb0c0507f6bfe762ee7cd0f4647e58b962cba1cc180,c5a510fb351acf5209de4a3065ddcb0cfc13c3542e8e1bf6bdd0e4d5b7d0208f,uint16,3328,2560,0.0,2433.0,650.3151245117188,742.0892944335938,0.4482080312875601,False
/content/external_datasets/inbreast/INbreast Release 1.0/AllDICOMs/20588654_036aff49b8ac84f0_MG_R_ML_ANON.dcm,True,,37bd74e16ef1f5a33570eaf7f6846b54681c6dc1704ae545b53375275c726d1b,66ff1c120acdf05cc75c794eafa8a8db3d03a8a7eb9c93636d6528e3ce125aec,uint16,4084,3328,0.0,3143.0,509.1622314453125,713.3389282226562,0.3456267540307391,False
/content/external_datasets/inbreast/INbreast Release 1.0/AllDICOMs/20588680_036aff49b8ac84f0_MG_L_ML_ANON.dcm,True,,ab256f9c768859ac65de0253cb13d695159f1e62045b30800e64bf74da477e6b,211558260069f5a9eca2dd4811e0527fbdddc3568fa95ff45aff73601177c11f,uint16,4084,3328,0.0,3428.0,576.1962280273438,738.9730224609375,0.3868324235525126,False
/content/external_datasets/inbreast/INbreast Release 1.0/AllDICOMs/22427682_d713ef5849f98b6c_MG_R_CC_ANON.dcm,True,,d81885ba5346d4304515109a610dbfd63fc367139046d227ff392f6da88c8fc9,584974b755a04f1bc569881c74b8c6aedbee20b8e080ca123c16a6da88ec2e95,uint16,4084,3328,0.0,2795.0,509.0345153808594,708.9083862304688,0.34475172518929403,False
/content/external_datasets/inbreast/INbreast Release 1.0/AllDICOMs/22427705_d713ef5849f98b6c_MG_L_CC_ANON.dcm,True,,bae53b7b56ef0868f714c08a5f6cebaa2632742ac570b29dfdf04024498a3cfd,25bc72d8113396420d6742396b177b284553b4939a320472af19a5ecdfa706cc,uint16,4084,3328,0.0,2184.0,405.0543518066406,664.1000366210938,0.2753300726804415,False
/content/external_datasets/inbreast/INbreast Release 1.0/AllDICOMs/22427728_d713ef5849f98b6c_MG_R_ML_ANON.dcm,True,,cb920ad23fb1a5bd10781751a0c092079e059312247c5c1c5dc2cbc875419898,38274d4825b7fdba55ed0330393407a40ee6ac1da27d85ee875272483a248d65,uint16,4084,3328,0.0,2946.0,660.6682739257812,752.3781127929688,0.44654966555695774,False
/content/external_datasets/inbreast/INbreast Release 1.0/AllDICOMs/22427751_d713ef5849f98b6c_MG_L_ML_ANON.dcm,True,,ba3227595a623c1a090714f5a091cc2093747548cd66a385c2edf4cccf4358f4,cb83936c5987e294a31c2d1a913875defefbb68b6ea701f1df5690094789571d,uint16,4084,3328,0.0,3531.0,558.5546264648438,725.412841796875,0.38235486278535374,False
/content/external_datasets/inbreast/INbreast Release 1.0/AllDICOMs/22427840_bbd6a3a35438c11b_MG_R_CC_ANON.dcm,True,,1638cfab49bea11b0dde2565a4b867e3eb3d595c3d564c1a1508c657f439c482,68a3eb7279894bd02294919f9e650560e08a4f52305f682ff55ff879a2de21c1,uint16,3328,2560,0.0,2718.0,296.98828125,596.9948120117188,0.20340317946213943,False
/content/external_datasets/inbreast/INbreast Release 1.0/AllDICOMs/22427864_bbd6a3a35438c11b_MG_L_CC_ANON.dcm,True,,d51a8674676eef042c62b7056279a8596b6f28cccb2888b3281e9d2e0494b86f,79ce5c9f8e907768139a7cdb3c683306848ad83cdeaa1771d33fe85162e2d59a,uint16,3328,2560,0.0,2172.0,435.95220947265625,679.3515014648438,0.2950719980093149,False
/content/external_datasets/inbreast/INbreast Release 1.0/AllDICOMs/22579730_bbd6a3a35438c11b_MG_R_ML_ANON.dcm,True,,d6cc8ddfa9dedfbb2b5dff54b7763689b7ef1c6caf3b7105aa071ad3f8828a58,37594b534a0db7da88d37db0f40a2146fdab9667d2a2498dcfe781366df17f68,uint16,3328,2560,0.0,2871.0,465.8464050292969,677.3655395507812,0.3295196533203125,False
/content/external_datasets/inbreast/INbreast Release 1.0/AllDICOMs/22579754_bbd6a3a35438c11b_MG_L_ML_ANON.dcm,True,,8136db4a739295be1b545425e83daadfb806966d26357e4663744890b3797f6f,9fe84f8c073341bc8c58182d1e4c84907f2f5d56ac1a4722e65b0f457406767e,uint16,3328,2560,0.0,2626.0,531.6715087890625,692.7578735351562,0.37931905893179085,False
/content/external_datasets/inbreast/INbreast Release 1.0/AllDICOMs/22579847_301f1776aebbf5d2_MG_R_CC_ANON.dcm,True,,4171fb67c7f9d64d4374a20ed934d5f2e5ec593b653eafe803178082de18516f,48c2545f5c9106b107d85c268ed6b66dc5a8f60af6aa60fd4c79446852abdcb2,uint16,3328,2560,0.0,2159.0,408.9951171875,660.9406127929688,0.28323587270883416,False
/content/external_datasets/inbreast/INbreast Release 1.0/AllDICOMs/22579870_301f1776aebbf5d2_MG_L_CC_ANON.dcm,True,,d2c045ba2fd7cd16dcbe3ddc303fd144b8a0a99ce273d4f0ac796705d1dca4a3,68841b56ed475417f21e2ea2013636798c4fb5cb80d54c2402a1662d8f0e38c0,uint16,3328,2560,0.0,2350.0,376.57861328125,633.130615234375,0.2688914372370793,False
/content/external_datasets/inbreast/INbreast Release 1.0/AllDICOMs/22579893_301f1776aebbf5d2_MG_R_ML_ANON.dcm,True,,38427ce7822d261458713d24ca8adde0c49eb0e27dae184827865f931c486c98,920201adf688062b37d9aecd55ba21d25bb6ae90a8c6dcbf8da6096d5ab516df,uint16,3328,2560,0.0,2231.0,543.0135498046875,684.5680541992188,0.39509394719050484,False
/content/external_datasets/inbreast/INbreast Release 1.0/AllDICOMs/22579916_301f1776aebbf5d2_MG_L_ML_ANON.dcm,True,,be2fa23c037e1f804b1195a04cef7e3b2ce29b153525854387261faf37c4352e,e2ef39778f2f8e41b53b3250a04f7aa673b07cb3f0e3b5bc9d8c362192ffca6b,uint16,3328,2560,0.0,2649.0,474.6304626464844,651.2442016601562,0.3607147216796875,False
/content/external_datasets/inbreast/INbreast Release 1.0/AllDICOMs/22580015_6200187f3f1ccc18_MG_R_CC_ANON.dcm,True,,0ba968778f1414f56d8cc3d6f2e6b882fc46f8db8e6fc96118582899125dc396,83c4089e818ddbb94c03679012e6b3f20152df288beabd1266f7203bd7cca271,uint16,3328,2560,0.0,3846.0,484.13018798828125,704.0201416015625,0.3240220289963942,False
/content/external_datasets/inbreast/INbreast Release 1.0/AllDICOMs/22580038_6200187f3f1ccc18_MG_L_CC_ANON.dcm,True,,9f446abb369a91dba2feece3647e96370bb38e078f6ac18cc804890964ad1701,ba74b84dcfb122cd060d91f9e1ef4fdee0be3113b0bdd759f70f07ca9b92b8a8,uint16,3328,2560,0.0,3288.0,500.49041748046875,709.9524536132812,0.33621544471153847,False
/content/external_datasets/inbreast/INbreast Release 1.0/AllDICOMs/22580068_6200187f3f1ccc18_MG_R_ML_ANON.dcm,True,,56847201d0bda6d5de826751167f488e3f4dcaf7b99c295bdc03871b3ec8b6cd,569cb3f539cbaa98c7399d6222056fa5f617491d078bc251fd51c1054f0bd6c2,uint16,3328,2560,0.0,3992.0,595.48046875,748.1376953125,0.39473184438852166,False
/content/external_datasets/inbreast/INbreast Release 1.0/AllDICOMs/22580098_6200187f3f1ccc18_MG_L_ML_ANON.dcm,True,,5f0b097154b4117ea61d18456006e82258c55815722d118d5604ff40823c1f7d,80b4eddcae96ce00b3e18f38a10b30a3b17a6f4201133c58d2a9f92c1d67ed8c,uint16,3328,2560,0.0,3515.0,619.8110961914062,742.8421630859375,0.4167921799879808,False
/content/external_datasets/inbreast/INbreast Release 1.0/AllDICOMs/22580192_5530d5782fc89dd7_MG_R_CC_ANON.dcm,True,,c0a6a2c09f8a267b072e5384284b4d6d97393d9f94c770270391cc096583dc95,b22793c8a5265c31fc82a3679042cb8aece5b8e56857bd712fe34dce5d8f8627,uint16,3328,2560,0.0,2290.0,548.5921630859375,719.8198852539062,0.37119246262770433,False
/content/external_datasets/inbreast/INbreast Release 1.0/AllDICOMs/22580218_5530d5782fc89dd7_MG_L_CC_ANON.dcm,True,,5f19239ab9688747260dffabe88c20fea70b7e2f2b6f66c2ce40b67b5bbfde98,206927807eb895577025f3d8870cdd49af84384fc01101f30324e39e08435c5e,uint16,3328,2560,0.0,2256.0,532.0311279296875,709.7059326171875,0.3641125018780048,False
/content/external_datasets/inbreast/INbreast Release 1.0/AllDICOMs/22580244_5530d5782fc89dd7_MG_R_ML_ANON.dcm,True,,1f20249b7f4cbf162c1cb12ba91589368bd9ffa99e08620cf5697a5cc5376018,38e0e4e2aba0b0113deb1a4938bca4617dec33b77a0ae58c4b6b66ae6bd21937,uint16,3328,2560,0.0,2275.0,692.650390625,753.1554565429688,0.4687916682316707,False
/content/external_datasets/inbreast/INbreast Release 1.0/AllDICOMs/22580270_5530d5782fc89dd7_MG_L_ML_ANON.dcm,True,,a58086fe4a33ebfb1d32d272b055b36e05a1d6128a581fedb85cbe9a6b6a226c,67eaced68ff2e029fc9c3885b29dc1048e3e589e96a096e3d8828fff6566e231,uint16,3328,2560,0.0,2227.0,643.3757934570312,720.5575561523438,0.45340001032902644,False
/content/external_datasets/inbreast/INbreast Release 1.0/AllDICOMs/22580341_5eae9beae14d26fd_MG_R_CC_ANON.dcm,True,,7dbd19f5efce9bb1dc844278fe1e4c8aa2005d1e2966d9756dd3726d3c3d93ac,1747f499a6b51c859915ac2b49b675bd1bb7220812b15b827cc1eff68b721e9f,uint16,3328,2560,0.0,2173.0,325.43511962890625,598.3912353515625,0.23619537353515624,False
/content/external_datasets/inbreast/INbreast Release 1.0/AllDICOMs/22580367_5eae9beae14d26fd_MG_L_CC_ANON.dcm,True,,b8e2f528d95634d50d59ea51e7c076e343830807d207807832b41cc628faa4e9,c01bcb375ad259023edb0009ec38150006689b737d63d7ed9e5a353aed5b04e3,uint16,3328,2560,0.0,2302.0,339.884521484375,608.2904052734375,0.24702007587139424,False
/content/external_datasets/inbreast/INbreast Release 1.0/AllDICOMs/22580393_5eae9beae14d26fd_MG_R_ML_ANON.dcm,True,,dab2b688ee1b87d666ef0023756bfdd02bb80078e8a4b3f3e41709425cd774f3,76cc099a03c5875a00af2a4eac0f2b18a3e85ca276feaa6a9efcaa0f481b036a,uint16,3328,2560,0.0,2107.0,402.5263671875,626.40234375,0.3010716364933894,False
/content/external_datasets/inbreast/INbreast Release 1.0/AllDICOMs/22580419_5eae9beae14d26fd_MG_L_ML_ANON.dcm,True,,167e010a23552dc8f63e71dcf9e1977d1203abd7a0bd7f8af4cb8221a39ff63f,6977eebea8fd201565b7f732913673882fc977cc258dc06bcfdcdfdf17b91a15,uint16,3328,2560,0.0,2185.0,454.5831604003906,659.5432739257812,0.33073519193209133,False
/content/external_datasets/inbreast/INbreast Release 1.0/AllDICOMs/22580492_2a5b932da4ce5ca1_MG_R_CC_ANON.dcm,True,,546e76c72b01f9614fbb2cc173ad5d1439e073d083c183b206415c4ce50219dc,458233bb7856ad6d695735de9c0a85e4f2a59d56f68d11f69120e521742b5e47,uint16,3328,2560,0.0,2316.0,387.5773010253906,657.332275390625,0.26209212083082933,False
/content/external_datasets/inbreast/INbreast Release 1.0/AllDICOMs/22580520_2a5b932da4ce5ca1_MG_L_CC_ANON.dcm,True,,8e366c531b1ea8233919ca099a329cea0156c51d72d8e860f38f1d28a0959034,9b8648e95ad93b7aff987e87097be81db8a8293138c789bb069026d02adf609a,uint16,3328,2560,0.0,2349.0,382.90948486328125,645.4751586914062,0.2702947763296274,False
/content/external_datasets/inbreast/INbreast Release 1.0/AllDICOMs/22580548_2a5b932da4ce5ca1_MG_R_ML_ANON.dcm,True,,e5166b1eba57628956e0116750cd47c03d809fe55700a31890d464605849c247,8f50337531350712d01707446b015dbe6449f84ba0cd2e0290f8c1524bcda75c,uint16,3328,2560,0.0,2307.0,549.26611328125,716.4776000976562,0.37790996844951924,False
/content/external_datasets/inbreast/INbreast Release 1.0/AllDICOMs/22580576_2a5b932da4ce5ca1_MG_L_ML_ANON.dcm,True,,997553a4e75787267b7b8f71be5988e68f5e5847a694271096e4ee1ff695930e,fd4920f890cb610983c344a702a3d8e920b7ec660a0803140b82a6492fa78a7f,uint16,3328,2560,0.0,2471.0,536.9931030273438,702.012451171875,0.37950638991135816,False
/content/external_datasets/inbreast/INbreast Release 1.0/AllDICOMs/22580654_fe7d005dcbbfb46d_MG_R_CC_ANON.dcm,True,,db6bfe21f90ba8b2016c1ad6c967d40997bf7ce2c114788faa609807e0a3ed42,0e4d954bae12f8952d21e903dd79b271c8c75818137fff0099f74873a54c3c19,uint16,4084,3328,0.0,2324.0,344.44989013671875,615.6898803710938,0.25022241757232727,False
/content/external_datasets/inbreast/INbreast Release 1.0/AllDICOMs/22580680_fe7d005dcbbfb46d_MG_L_CC_ANON.dcm,True,,1a4cd169f95d7a268f9103b645226e882c4b3d5a668176e284f60681e5c4348b,6081b7af84e6150ee60136c8ee6c8095afbd7e65afb1460cc3795edf6693d684,uint16,4084,3328,0.0,2354.0,298.79229736328125,603.6370239257812,0.19834092530418895,False
/content/external_datasets/inbreast/INbreast Release 1.0/AllDICOMs/22580706_fe7d005dcbbfb46d_MG_R_ML_ANON.dcm,True,,1b75d3b819aca097c28be11eb8a14ce827c19a2cbc3f1abd350df7f8ef9ab9df,f6dae66690163a87dcb2e51df36fcc4c04dbda483069937658d720dc7f762139,uint16,4084,3328,0.0,2887.0,559.9058837890625,704.2409057617188,0.41762647856550894,False
/content/external_datasets/inbreast/INbreast Release 1.0/AllDICOMs/22580732_fe7d005dcbbfb46d_MG_L_ML_ANON.dcm,True,,886fc6e813c988c7c68a26bf871eb50d66925233f44089427de069f9e2d89768,d9143132324633b3d24a756a80b9f5cda4fb9f652e0ee8995d7d03d6539f6d03,uint16,4084,3328,0.0,2536.0,414.59808349609375,662.6599731445312,0.2871504299141113,False
/content/external_datasets/inbreast/INbreast Release 1.0/AllDICOMs/22613624_dcafa6ba6374ec07_MG_R_CC_ANON.dcm,True,,875df67efd28f68174038738c08ae183369d84c2e6345904bb77fcf21d2c942e,73276b6a4956608b88c48d94c71eb6c83e8c5f6d86dbd23f6885b0649e59bac8,uint16,4084,3328,0.0,2296.0,368.023193359375,647.3760986328125,0.24667580273393355,False
/content/external_datasets/inbreast/INbreast Release 1.0/AllDICOMs/22613650_dcafa6ba6374ec07_MG_L_CC_ANON.dcm,True,,cc9d17f68a101fc524fd14769f93ac1f6e54fbf42d7fd4281b00b4b066057bbd,2ad181a9429a152679a807979bb97155c40e4127e25f39246c0b5233595fe919,uint16,4084,3328,0.0,2856.0,333.0350036621094,630.1768188476562,0.2222664490412868,False
/content/external_datasets/inbreast/INbreast Release 1.0/AllDICOMs/22613676_dcafa6ba6374ec07_MG_R_ML_ANON.dcm,True,,81b621bac4729eaaca24283a2190e341cda3e751204a893b9789ebcbe46b6bc4,ece4930a83f6bc2f619421a6c00f8832862324a4f42bc4a5a33f632886561011,uint16,4084,3328,0.0,2710.0,440.2819519042969,678.5648193359375,0.3013563130980185,False
/content/external_datasets/inbreast/INbreast Release 1.0/AllDICOMs/22613702_dcafa6ba6374ec07_MG_L_ML_ANON.dcm,True,,c4e9ed70e6aca2b6fceca1efb9671229f8ea0492631f760c15048b25703e7163,6b6df8b3962a645ea948806b33ba329c7f0a56695b5ee1872ffd32c69a34d07e,uint16,4084,3328,0.0,2644.0,377.6071472167969,644.8270263671875,0.2631785538546297,False
/content/external_datasets/inbreast/INbreast Release 1.0/AllDICOMs/22613770_45c7f44839fd9e68_MG_R_CC_ANON.dcm,True,,fcca0e023fc22b4b9e9eb09b82dda449689d9a01695d65847d913be27d3c75c3,96ad5a3070664ec8dc449fc648fd28adffc84b768528d427627bbf48a6d4777d,uint16,4084,3328,0.0,2904.0,361.41357421875,654.4781494140625,0.23949156064002108,False
/content/external_datasets/inbreast/INbreast Release 1.0/AllDICOMs/22613796_45c7f44839fd9e68_MG_L_CC_ANON.dcm,True,,878b1d4ed2749c1c74d563909c17af487b685b1e25a630e98c23777944698ff0,66180520fdcdcb1f172439de6d63e8d5f57bb3fa748fb56c285a3c6e9e0b97a9,uint16,4084,3328,0.0,2450.0,407.9146728515625,683.4517822265625,0.26506178249547957,False
/content/external_datasets/inbreast/INbreast Release 1.0/AllDICOMs/22613822_45c7f44839fd9e68_MG_R_ML_ANON.dcm,True,,c5fff3bc0a9b75fe192fe78a334a00f0dcd813129d21c46abb64829b44d2cabd,6c3cbe5dc20734e248a7b72d6468f4e5ef03c816487bf4da6463d75d5678a424,uint16,4084,3328,0.0,2631.0,392.4740905761719,649.7489013671875,0.2729107757524674,False
/content/external_datasets/inbreast/INbreast Release 1.0/AllDICOMs/22613848_45c7f44839fd9e68_MG_L_ML_ANON.dcm,True,,cc9b5cc5449270c17f84e3441d5cee85eefece7e26c655f2cc07ca2a027a858d,b59fe2f04a6bd39153243613156aa9a32626e97eb600babe67e336f6deea4b59,uint16,4084,3328,0.0,2593.0,442.3656921386719,696.2141723632812,0.2903607329023205,False
/content/external_datasets/inbreast/INbreast Release 1.0/AllDICOMs/22613918_f23fa352e7de3dc7_MG_R_CC_ANON.dcm,True,,2d2c51485a898c11594dbcc9e370b1d26612f222346ea975dabd5d0d9f3ee7e1,35c67e09ed41263723a702dcde9a17360354e0aa9bd386b24872101332b7e12b,uint16,3328,2560,0.0,2262.0,368.0007019042969,650.740478515625,0.24464205228365385,False
/content/external_datasets/inbreast/INbreast Release 1.0/AllDICOMs/22613944_f23fa352e7de3dc7_MG_L_CC_ANON.dcm,True,,6d311ec8c3571be356e939924d061b1abb29f09f05a5d9e6510cf7ba490cfba3,484bc8c06c38ae006fd9d0f6a296259c1247eba539527b3760ba5431e9b12f18,uint16,3328,2560,0.0,2359.0,349.44769287109375,642.0758056640625,0.23073589618389423,False
/content/external_datasets/inbreast/INbreast Release 1.0/AllDICOMs/22613970_f23fa352e7de3dc7_MG_R_ML_ANON.dcm,True,,0b50c051230183859433eefafac84f423906898b70af3591d60c97e77a443f19,10e580ae40aea54ee22d9afc7aae988089d183077f1a41f44246424aaed0c6bc,uint16,3328,2560,0.0,2412.0,502.3294982910156,718.822265625,0.3329979529747596,False
/content/external_datasets/inbreast/INbreast Release 1.0/AllDICOMs/22613996_f23fa352e7de3dc7_MG_L_ML_ANON.dcm,True,,7abaf59ed638a67a3f0fecfc2abc81090ef8a074ba364974196417ec09b14d80,3bff35e02fa92b5db141f9e9718ff110e87ccb99c2d49a3b49636cd79185cdf0,uint16,3328,2560,0.0,2625.0,432.0892639160156,679.6697998046875,0.29150296724759617,False
/content/external_datasets/inbreast/INbreast Release 1.0/AllDICOMs/22614074_6bd24a0a42c19ce1_MG_R_CC_ANON.dcm,True,,a1825ef12b8ebcc54fe6971a97f0e78cf123c0363636b760c3a80900d3754567,8c91ded5d9c64aba6bc2444b8d7419389b6cfe12cfc25b9d0d44b2f638f6028e,uint16,4084,3328,0.0,4048.0,766.182373046875,752.677490234375,0.5169653914431552,False
/content/external_datasets/inbreast/INbreast Release 1.0/AllDICOMs/22614097_6bd24a0a42c19ce1_MG_L_CC_ANON.dcm,True,,10c3c2290c950214d5e7ce06190bb7f92275344391f7635851ff1fbca2463444,0b42213a1b45251900407f335b5a68faab6e3d284a150e608675e2b37009a12f,uint16,4084,3328,0.0,3765.0,807.5191650390625,747.1565551757812,0.5449588097076773,False
/content/external_datasets/inbreast/INbreast Release 1.0/AllDICOMs/22614127_6bd24a0a42c19ce1_MG_R_ML_ANON.dcm,True,,59f214f4ed7d60f4f3bed482f4e98ae6f3b35270b1fa2e6e1ce2c8b85ead58b1,baf52d6c1fc55d9e185a9799c164f3640091c9167874c721c93e0da6e259f56b,uint16,4084,3328,0.0,2590.0,784.001708984375,753.041259765625,0.5289365040872448,False
/content/external_datasets/inbreast/INbreast Release 1.0/AllDICOMs/22614150_6bd24a0a42c19ce1_MG_L_ML_ANON.dcm,True,,37a3917039f32fd1fda4e856bf00f229fd12273dbae7fce53bbd8984eb61cb25,8af7bf2769004b28d2145829788303fc6284b4ffe80c08a5bc42b9fe5aad9795,uint16,4084,3328,0.0,3388.0,711.9344482421875,738.9008178710938,0.4898155854460182,False
/content/external_datasets/inbreast/INbreast Release 1.0/AllDICOMs/22614236_1e5c3af078f74b05_MG_L_CC_ANON.dcm,True,,47a86f2da13a788c85253d5e84aeff3b4ff557ea04c9e4930d402a7cd7fba08f,ba006517b2c5bb839bea95bf9e296d1779b1e0d64f02439735f312f547d7fd54,uint16,3328,2560,0.0,2522.0,417.4668273925781,662.669677734375,0.28881812462439904,False
/content/external_datasets/inbreast/INbreast Release 1.0/AllDICOMs/22614266_1e5c3af078f74b05_MG_L_ML_ANON.dcm,True,,3bf4b77e7d324dd9f37a949fdbdf78a149176081581a4ae811a6cf91e146dd3a,b104630a9f36f9a3eb57a631f6d6f726f400394eaa5eecc3c9b9db552469b6b6,uint16,3328,2560,0.0,2991.0,597.6942138671875,743.01513671875,0.4070635282076322,False
/content/external_datasets/inbreast/INbreast Release 1.0/AllDICOMs/22614353_d065adcb9905b973_MG_R_CC_ANON.dcm,True,,0bd50e2f22e73c36d4a6915f0adea9a318b568fdf97fac7e0d4fdc68be82a573,4917cd8655cd24caff4819cf2099a1a9364219947e656fdfcd54bb298d122991,uint16,3328,2560,0.0,2551.0,529.8341674804688,720.7175903320312,0.3539819570688101,False
/content/external_datasets/inbreast/INbreast Release 1.0/AllDICOMs/22614379_d065adcb9905b973_MG_L_CC_ANON.dcm,True,,484f2e7249e0262a8716963448f6065f45ba1f81401dda5cb3a5bb4915c3167e,382719674d26e8979876cfd4a13208796eedcd2f2066d9444257f73bb9d35d84,uint16,3328,2560,0.0,2772.0,603.3939819335938,752.9096069335938,0.39719226543719954,False
/content/external_datasets/inbreast/INbreast Release 1.0/AllDICOMs/22614405_d065adcb9905b973_MG_R_ML_ANON.dcm,True,,4b4b8bef456c6c09baa60add353f05dc1301d177f867e9f7edec66ea5d1d8008,740b196c07d599865797358daa4a5c4235a5a18cbd1d8d03a42ad8d5589abd0b,uint16,3328,2560,0.0,3338.0,708.6719970703125,755.9365234375,0.47517418494591346,False
/content/external_datasets/inbreast/INbreast Release 1.0/AllDICOMs/22614431_d065adcb9905b973_MG_L_ML_ANON.dcm,True,,b7dde51e4b02a15b2c7d4faf5146d1d366d3842f4c541c247dc24329ba800303,a0b9b68d7f0f2267864ce48d676076a4eb090f5d93c87129f5cd9efed3334a01,uint16,3328,2560,0.0,2736.0,744.8140869140625,766.6892700195312,0.4935391939603365,False
/content/external_datasets/inbreast/INbreast Release 1.0/AllDICOMs/22614499_2dec4948fbe6336d_MG_R_CC_ANON.dcm,True,,bde8d496c18606e4bce8395fae031f796513c90a13d1d2f13a24ad1986ea885b,d400994176d1e425bc13ead31c432bbe876079d4b86c23b7926c97f3c8a4c893,uint16,3328,2560,0.0,2747.0,505.05908203125,691.5519409179688,0.35468186598557694,False
/content/external_datasets/inbreast/INbreast Release 1.0/AllDICOMs/22614522_2dec4948fbe6336d_MG_L_CC_ANON.dcm,True,,887e00e2984a9080fa45b7f57b4ddfe7ef316a398ff91d00290017a5c9ac05b3,977ea43c3762eaded2c18ecbe4b0686f1d63b501c7ad1dff964bd9ffe8c68297,uint16,3328,2560,0.0,2360.0,575.7747802734375,710.4153442382812,0.4044629610501803,False
/content/external_datasets/inbreast/INbreast Release 1.0/AllDICOMs/22614545_2dec4948fbe6336d_MG_R_ML_ANON.dcm,True,,99269c1328c70fd8ff87e60a4a3f5e5a50d7324c280c50aca50352766092a9d7,950c4c8535b745e287fa48a1046b1f207f19fe0aabdda7ad8872cff401cf1276,uint16,3328,2560,0.0,2725.0,628.2100830078125,701.2860107421875,0.4565940270057091,False
/content/external_datasets/inbreast/INbreast Release 1.0/AllDICOMs/22614568_2dec4948fbe6336d_MG_L_ML_ANON.dcm,True,,627c31d0811ba5aeda47f68e59201efc7dc46cbf2acb8ed56a03af9fba39a432,ae0005af59414a89b5726c97b5bef1777cc1da1516c091799441f85db28d1cd0,uint16,3328,2560,0.0,2464.0,647.7457885742188,699.1561889648438,0.4749760554387019,False
/content/external_datasets/inbreast/INbreast Release 1.0/AllDICOMs/22670094_e1f51192f7bf3f5f_MG_R_CC_ANON.dcm,True,,5c29693335e37eb8ed334d8cc36af32bdb264b66b91fba3fa705967dab826216,b42a20e05abc6653d38a798c9de51e71f506857988e710ee9edacd9449034c20,uint16,4084,3328,0.0,2447.0,438.6881408691406,687.0690307617188,0.2923813262826791,False
/content/external_datasets/inbreast/INbreast Release 1.0/AllDICOMs/22670124_e1f51192f7bf3f5f_MG_L_CC_ANON.dcm,True,,c8046aea2233f0e20843d95939f5f25826483e31021992f37d0e9834b353701e,31e2241291dc55fe29a40786a5c783418d678a1c5196f482a45cf4b0bd91b9b9,uint16,4084,3328,0.0,2667.0,459.46466064453125,690.0039672851562,0.30985916840107736,False
/content/external_datasets/inbreast/INbreast Release 1.0/AllDICOMs/22670147_e1f51192f7bf3f5f_MG_R_ML_ANON.dcm,True,,404bd8b8cafa3593b6128831fbb5999ccf0586a7a1a71479c7c13a56c388bf2e,ca8a495514cfd75e85a6220f220abe7dd9e3fc3794d5cecb28f9a0ded906a074,uint16,4084,3328,0.0,2512.0,469.65093994140625,696.9327392578125,0.3177275854883975,False
/content/external_datasets/inbreast/INbreast Release 1.0/AllDICOMs/22670177_e1f51192f7bf3f5f_MG_L_ML_ANON.dcm,True,,2d5a5243596243b22fdd86e48fbd44b446c374d8b5f48ba03287e55db6531e1e,c524e1603c0e158d86a87f4531744e95a6d716dae3bcb576b884ac6c42732d6c,uint16,4084,3328,0.0,2793.0,484.8243408203125,693.846435546875,0.3334937025587659,False
/content/external_datasets/inbreast/INbreast Release 1.0/AllDICOMs/22670278_98429c0bdf78c0c7_MG_R_CC_ANON.dcm,True,,7b9ef8cab729878d638c6fae6f0fbea6879a589acfc0e51aa5e00764403a7f76,edea7586782d17afd26bc59d237eceadd4ffa6c7690e067390a4f9d5f3ae5c7f,uint16,3328,2560,0.0,3523.0,461.41864013671875,707.0374145507812,0.3006006094125601,False
/content/external_datasets/inbreast/INbreast Release 1.0/AllDICOMs/22670301_98429c0bdf78c0c7_MG_L_CC_ANON.dcm,True,,5a7cd77166bca974d361bfcf7f63f5604254af0832b7adcb828b19a8a417fe12,d2df7f422f3232a6e516d51f95198d8b5e08791a13c22b1ca708320c8f9e6ba9,uint16,3328,2560,0.0,2458.0,420.6540832519531,687.9382934570312,0.27340087890625,False
/content/external_datasets/inbreast/INbreast Release 1.0/AllDICOMs/22670324_98429c0bdf78c0c7_MG_R_ML_ANON.dcm,True,,ec024af9fcbc8bf0f7b466791469a5af6bb38bf51379b424933964f028d39906,b50190d774d57c9764ced27663789c082a1935495fc2417b163d5e0b91d4311f,uint16,3328,2560,0.0,3562.0,517.8884887695312,721.1838989257812,0.34258892352764425,False
/content/external_datasets/inbreast/INbreast Release 1.0/AllDICOMs/22670347_98429c0bdf78c0c7_MG_L_ML_ANON.dcm,True,,8e86e6047840817ee93b429c674b29f4b818175ff8dc3be1d5331310b5dae086,7828363b24dcac84e73e4302bd09590b34177ae34276c076f8d43849164347c2,uint16,3328,2560,0.0,2506.0,493.4291076660156,716.68701171875,0.3232789259690505,False
/content/external_datasets/inbreast/INbreast Release 1.0/AllDICOMs/22670442_7e677f3d530e41ed_MG_R_CC_ANON.dcm,True,,99cc3999d415f527b29e07fbf11b9b5f68a2fe9bdfe3d59fa03f37d7b84d82df,9013b171b375d3dbd9bec571ffa0c823308cdac2de9a3fa37500b2f3ac8bc73e,uint16,3328,2560,0.0,2097.0,295.85260009765625,589.53125,0.2044036865234375,False
/content/external_datasets/inbreast/INbreast Release 1.0/AllDICOMs/22670465_7e677f3d530e41ed_MG_L_CC_ANON.dcm,True,,5c67500022319b935a675d4e4ffbaf4f910b997ffaa001c25e235bab0cd0150e,26ccb9c8bcfdc03100fdaaf0062ba5e263cef5aecd0d40989de4886d57a7dea0,uint16,3328,2560,0.0,2820.0,389.8692932128906,644.87060546875,0.27642047588641827,False
/content/external_datasets/inbreast/INbreast Release 1.0/AllDICOMs/22670488_7e677f3d530e41ed_MG_R_ML_ANON.dcm,True,,470cc835cb07755d468caa29468b1fb1215064bce64ade2a5df7e41d7b8badee,37099007d9802966c047f00322d3fb5e4ccb968d471b03608337dfc5e0ab064c,uint16,3328,2560,0.0,2350.0,495.5118103027344,676.151123046875,0.35888343224158653,False
/content/external_datasets/inbreast/INbreast Release 1.0/AllDICOMs/22670511_7e677f3d530e41ed_MG_L_ML_ANON.dcm,True,,5b5932fbf0031b2aa6e47645d84053663b04564610def895111645fd435c065e,5c2af64aae29f23217d8fd64b1603ef5882f817bc08f66a3e5f4814a086a6a7a,uint16,3328,2560,0.0,2841.0,546.089599609375,689.0929565429688,0.3998329749474159,False
/content/external_datasets/inbreast/INbreast Release 1.0/AllDICOMs/22670620_e15a16f87b4f9782_MG_R_CC_ANON.dcm,True,,a6cf04eb9630b63d5fe156c2d5115ec6cce2a8b413c55286d88f18279b686e25,1bf83eeeabdf25fd4769d59d1d836aebf46887a147b2d12c3831935c22682c55,uint16,4084,3328,0.0,2213.0,448.3672180175781,679.7059936523438,0.30917315402979734,False
/content/external_datasets/inbreast/INbreast Release 1.0/AllDICOMs/22670643_e15a16f87b4f9782_MG_L_CC_ANON.dcm,True,,2c7cf0e9d728c2cbbf08ecfcf8b819d2297728fbd6bbe82e2c63065fff2bc060,97b92d66c83c70728dbe11fcd22be8e45262fef15dbfdf0cbfe7aa649a78dcfe,uint16,4084,3328,0.0,2594.0,450.2054138183594,686.4855346679688,0.30541920451762977,False
/content/external_datasets/inbreast/INbreast Release 1.0/AllDICOMs/22670673_e15a16f87b4f9782_MG_R_ML_ANON.dcm,True,,466f957ede4de2907b0168c3feed00bf12749ef02bbf6cd8cb0d1e63024f1b7c,4924cef65e14c472072bba7b42e3410a5643d5e789a4fee5da7aa11bb359a2f1,uint16,4084,3328,0.0,2503.0,562.17724609375,720.1348266601562,0.3898995493671363,False
/content/external_datasets/inbreast/INbreast Release 1.0/AllDICOMs/22670703_e15a16f87b4f9782_MG_L_ML_ANON.dcm,True,,07997ca954affe6e8e4dd88b88784534d92d0ed4246bb404aed64c8d8c63efc1,976932659e3879fc2e5400e67fd23899ff9d9b214837935960c59b0754470fbe,uint16,4084,3328,0.0,3139.0,565.4465942382812,725.2930297851562,0.3908299066949823,False
/content/external_datasets/inbreast/INbreast Release 1.0/AllDICOMs/22670809_0b7396cdccacca82_MG_R_CC_ANON.dcm,True,,2b3054412a3545c39ef5b28f5659fdbb15757d69fd9cdc6af0527a64400e9c40,0dd31ba759443a994b23cb1427cceccaa7fb9654f4d0c9ad658c0b04c4d41e48,uint16,4084,3328,0.0,4063.0,309.73260498046875,611.354736328125,0.20628446258381677,False
/content/external_datasets/inbreast/INbreast Release 1.0/AllDICOMs/22670832_0b7396cdccacca82_MG_L_CC_ANON.dcm,True,,e43a99bd508a7d8e87df018beea413b731e5b18646f64277da8a5d0276014524,122c504be2981af59804f3da9ce1632cd7b57f696f72be46928228af59f3bccb,uint16,4084,3328,0.0,2115.0,370.18902587890625,653.3684692382812,0.24412730790420403,False
/content/external_datasets/inbreast/INbreast Release 1.0/AllDICOMs/22670855_0b7396cdccacca82_MG_R_ML_ANON.dcm,True,,b0be1ba8fe1a400ba9e81eeffb732ccca21ac1e4423ebad078581307604b5a39,96cb1a08ea4234dbe9a6664133fc5d178b5636cf97dc081e1ca6def961e22609,uint16,4084,3328,0.0,4073.0,446.7524719238281,700.9622192382812,0.29410195391961125,False
/content/external_datasets/inbreast/INbreast Release 1.0/AllDICOMs/22670878_0b7396cdccacca82_MG_L_ML_ANON.dcm,True,,175470b6b66a221db3b3d311bd7059cf41b32815481ef7057d9a073b5b221e0c,25efcc7e76cf4798947d714158b7bc3101eabbd7c495c538a2036282ed2dca31,uint16,4084,3328,0.0,2875.0,385.722900390625,655.8768920898438,0.2590286230740978,False
/content/external_datasets/inbreast/INbreast Release 1.0/AllDICOMs/22670978_f571fd4e63c718e3_MG_L_CC_ANON.dcm,True,,f09bd03369974da9b94de45aabe627e2d8c857ad14fd2b17303184e97b25d44d,8d57c24d9eb122a51ed52a8364843f50fe7207d61ed20e4c023e7b700c53f296,uint16,3328,2560,0.0,2201.0,336.319091796875,618.727294921875,0.23190777118389422,False
/content/external_datasets/inbreast/INbreast Release 1.0/AllDICOMs/22671003_f571fd4e63c718e3_MG_L_ML_ANON.dcm,True,,d3ad8a323fd3c9dd127966642337ef2c8888775b5c49be0c4e3f8b6fe492fae4,aaf5b5e1e238596bdcd9a7b9f991a2685b0c48cb3a44b283d234436d1016495e,uint16,3328,2560,0.0,2121.0,385.4468078613281,635.8401489257812,0.2754096397986779,False
/content/external_datasets/inbreast/INbreast Release 1.0/AllDICOMs/22678449_60995d51033e24b8_MG_R_CC_ANON.dcm,True,,3dbba23fdb8e9dc899c30655d633002c8461ec4a0def8839afdc799d20d233a7,205f6e0a46c1856299f4868159ec25fcdf42dfa4803ccf875c2011ab637544fa,uint16,3328,2560,0.0,3658.0,392.23919677734375,660.8795776367188,0.2641801100510817,False
/content/external_datasets/inbreast/INbreast Release 1.0/AllDICOMs/22678472_60995d51033e24b8_MG_L_CC_ANON.dcm,True,,5ab28ab36d1b67d4e6a82a04371fbea665dcb39d89d823682bab77b9efb5df67,79a83282b7f2a96d9c37aaca32c0c2fd7a48df4e069ff2db22fee72f4f1d217c,uint16,3328,2560,0.0,3371.0,317.0796203613281,607.4326171875,0.218585205078125,False
/content/external_datasets/inbreast/INbreast Release 1.0/AllDICOMs/22678495_60995d51033e24b8_MG_R_ML_ANON.dcm,True,,8320f46bf94dd5ee08083dd294383b76ad304eebbc3a12fc124e829d0b8235b3,98ad5fd6cf035d5480d595dbce5910c0cbacde2c904488a7c891579fed1deec2,uint16,3328,2560,0.0,3841.0,571.2307739257812,740.6586303710938,0.3812598595252404,False
/content/external_datasets/inbreast/INbreast Release 1.0/AllDICOMs/22678518_60995d51033e24b8_MG_L_ML_ANON.dcm,True,,5d03c81525c926f3d252c52e4adb3c4f35be4f84cf9dee54eb5cd0d326a2bf21,b08ea6e72b0a7e0b02068d84d29ebc5de5146b5788a89a83bf30ce107a355643,uint16,3328,2560,0.0,3000.0,447.5858459472656,668.8621826171875,0.3176186194786659,False
/content/external_datasets/inbreast/INbreast Release 1.0/AllDICOMs/22678622_61b13c59bcba149e_MG_R_CC_ANON.dcm,True,,e6f0a0f25f387032b8dcb4a19821d4beab0a7cc28bf4bfcebffcd0d86c7fb6bf,9780071d0e74dff1b48860ec00448decc85070af13cedf494d679b8919dc39c2,uint16,3328,2560,0.0,2427.0,181.41311645507812,497.9992980957031,0.11826946551983174,False
/content/external_datasets/inbreast/INbreast Release 1.0/AllDICOMs/22678646_61b13c59bcba149e_MG_L_CC_ANON.dcm,True,,098660d86a835b9d95b0ca536890f104856e3a3a63522da324cdb9cbdd514f90,0a8263eff9854d995c56d75f42ce3111bf6b00d148b931291049c517c7f02c20,uint16,3328,2560,0.0,2287.0,214.2882537841797,532.4954223632812,0.14062570425180287,False
/content/external_datasets/inbreast/INbreast Release 1.0/AllDICOMs/22678670_61b13c59bcba149e_MG_R_ML_ANON.dcm,True,,f785c4b5f49bbbff63a8d29d84a55a1ea3ca7698e63352648121f0f8479b973e,a1f4a77494e97223873b8e9e346f4330ecb444337431ec8c9c3341401ab088c9,uint16,3328,2560,0.0,2099.0,297.9482421875,607.5133666992188,0.19609046349158654,False
/content/external_datasets/inbreast/INbreast Release 1.0/AllDICOMs/22678694_61b13c59bcba149e_MG_L_ML_ANON.dcm,True,,f7c8fd51e3fab4211e7bf86ba3823b568d6c51a8b6b13099e214d27712d7d520,4e417b673d108235edff99c5aa74305562175d162a5eeea9854ded29463db268,uint16,3328,2560,0.0,1998.0,287.3754577636719,594.8618774414062,0.19127267690805289,False
/content/external_datasets/inbreast/INbreast Release 1.0/AllDICOMs/22678787_64a22c47765f0c5c_MG_R_CC_ANON.dcm,True,,747f02c97d9e1e81b03fb42317eba8af3cc389b774229c157f7b580128caedb9,deac606e5798aa07e2e8d1760a2143c028b24dc48c8e2a0f937a1e1249288b21,uint16,3328,2560,0.0,3211.0,534.4266357421875,706.9356079101562,0.37559110201322116,False
/content/external_datasets/inbreast/INbreast Release 1.0/AllDICOMs/22678810_64a22c47765f0c5c_MG_L_CC_ANON.dcm,True,,fffc2c53cf4149c0354a68c0dae188ee185c3313942459e369151046d991d937,8d3752e35b02a374139cd90f4bac0f43dd6d21400aad65fea09a911596c3281d,uint16,3328,2560,0.0,3565.0,388.2954406738281,653.9313354492188,0.2684301523061899,False
/content/external_datasets/inbreast/INbreast Release 1.0/AllDICOMs/22678833_64a22c47765f0c5c_MG_R_ML_ANON.dcm,True,,db34fa6e8222592ca08e672f6061f41783b57a2fe0e0ddd15b3469f50ea2ee76,eb7a2612110bee9228aefeba20ebf2dc69d5c4c2806402914f2b6152dbf9889b,uint16,3328,2560,0.0,2963.0,611.8511962890625,711.9290161132812,0.43976111778846155,False
/content/external_datasets/inbreast/INbreast Release 1.0/AllDICOMs/22678856_64a22c47765f0c5c_MG_L_ML_ANON.dcm,True,,0d8b2cb924d72f687f15d082112a357f0649481fe4445332ffd22efc259c6b10,2f88174247e7655608500d3cd8a5063c2176436aac0dd88eafcd49ce28ff6bb3,uint16,3328,2560,0.0,3821.0,479.4551696777344,668.2351684570312,0.3567151583158053,False
/content/external_datasets/inbreast/INbreast Release 1.0/AllDICOMs/22678953_b9a4da5f2dae63a9_MG_R_CC_ANON.dcm,True,,82692a5ccbcfe8500868a4f88584f562892422e6b2ec99fae6a43796ee472277,6e24cd2f184a99bc6d5fecb8f959b89c447b03c27b68afa06ac185da0f2942ae,uint16,4084,3328,0.0,2612.0,356.73406982421875,628.7168579101562,0.24848589771057786,False
/content/external_datasets/inbreast/INbreast Release 1.0/AllDICOMs/22678980_b9a4da5f2dae63a9_MG_L_CC_ANON.dcm,True,,86092540265f3b70847334b22afda1f595b94f8787a30fb8299458f1d6ac4278,78c8b78f09a459ff660e04cb19ecda4534546bbcb08a4fa1edc012e09ff87128,uint16,4084,3328,0.0,2471.0,407.5304870605469,656.3262329101562,0.2855562043245687,False
/content/external_datasets/inbreast/INbreast Release 1.0/AllDICOMs/22679008_b9a4da5f2dae63a9_MG_R_ML_ANON.dcm,True,,a8cb5f34e73af84f387e89db6314764ed2238c276dedeb25d9c72850609de1d0,63bdb8c83f39ae13bee280df841f80497bce1fd9b07e2c006621c9bb80cd4a37,uint16,4084,3328,0.0,2951.0,528.2369384765625,703.373779296875,0.37119388573137196,False
/content/external_datasets/inbreast/INbreast Release 1.0/AllDICOMs/22679036_b9a4da5f2dae63a9_MG_L_ML_ANON.dcm,True,,f37a077a2e06ca4d6355a435ddd3adaf50cfa2e9bd254bdc2c78492ccf207045,00e90278055a945216a2ffa572b958a050006c01d4514e898e559cbc39f9bd8e,uint16,4084,3328,0.0,3241.0,522.3662719726562,699.0454711914062,0.36795577134973256,False
/content/external_datasets/inbreast/INbreast Release 1.0/AllDICOMs/24054997_2f1104b3cda7f145_MG_L_ML_ANON.dcm,True,,138ab688f9c0ef9a5240d8f383b65d1cdcfa38e4c9bee843d5ede034f812469c,be9bfccb2dc152ca4a041b2d5230280a169f6c0d1c69fa5f2f0a5feb42e35940,uint16,3328,2560,0.0,2209.0,333.70550537109375,631.5311279296875,0.2201543954702524,False
/content/external_datasets/inbreast/INbreast Release 1.0/AllDICOMs/24055024_2f1104b3cda7f145_MG_R_ML_ANON.dcm,True,,c086145e11e2c8bb0c94488ea183beb02d50a87d46719e15bb5139abb2ffc0a9,dc501d01d88d70b5d43933da42e707cbe1285339e3868b929f37989ff2968125,uint16,3328,2560,0.0,2118.0,275.919677734375,586.2522583007812,0.18245157095102163,False
/content/external_datasets/inbreast/INbreast Release 1.0/AllDICOMs/24055051_2f1104b3cda7f145_MG_L_CC_ANON.dcm,True,,49b96a3a6775d74cd7e972682a528df159f6b73c2013ace33d170d5ad9eedb3b,8ba784bf87ae0821e4e2099a563e1ae324a8f75d945d06f1d17a39f6416677f5,uint16,3328,2560,0.0,2036.0,246.30477905273438,570.75048828125,0.158087158203125,False
/content/external_datasets/inbreast/INbreast Release 1.0/AllDICOMs/24055078_2f1104b3cda7f145_MG_R_CC_ANON.dcm,True,,6fb1edb4db30b895466cceb2ff6cce50ae1eb132709bcb6063067b35a07a2f19,abd86302e7a22a8c78f8ad67056b05f5113cdc533cf3eb552063f501cf0826c7,uint16,3328,2560,0.0,2033.0,226.58126831054688,552.4813842773438,0.14480661245492787,False
/content/external_datasets/inbreast/INbreast Release 1.0/AllDICOMs/24055149_606e9b184978a350_MG_L_ML_ANON.dcm,True,,56c9def9187376c14d4213e669cc95a3f0d0e66c2dd645dc480abe47a8afca6c,f4091f3872dbd2c74b80e9dbe01d0a1a6f57b2b33aac2f34e095f9d0d3e029d4,uint16,3328,2560,0.0,2763.0,498.0802307128906,657.8926391601562,0.3783106877253606,False
/content/external_datasets/inbreast/INbreast Release 1.0/AllDICOMs/24055176_606e9b184978a350_MG_R_ML_ANON.dcm,True,,e0c6176cbc9699752ba586b6398078d79db0934977efa5c2c50fb0e9edbde3d6,5be46b4ab19d8c65b2b6bd35d2cf97bc6df958082bb2f890f04e21d8fac2ff31,uint16,3328,2560,0.0,2194.0,426.8702697753906,647.3668823242188,0.31026353102463944,False
/content/external_datasets/inbreast/INbreast Release 1.0/AllDICOMs/24055203_606e9b184978a350_MG_L_CC_ANON.dcm,True,,2d7f5aaabe6800c477a636cd8053f61f572a47fb3cbf121cb3cc6af9d6765a8d,23a10f97b33fb1a62e02a02659cc843ed664c8bc69da2c8a0d5103e421493fdc,uint16,3328,2560,0.0,2954.0,395.5174560546875,640.1461181640625,0.28329749474158655,False
/content/external_datasets/inbreast/INbreast Release 1.0/AllDICOMs/24055274_1e10aef17c9fe149_MG_L_ML_ANON.dcm,True,,21566df2f3853bbc13048fd420b12ddfb36129af24d59fc9e4b0f7548c9e6230,865f57b51eaa7cd1bd716fc076c1aefd37bebd09ed34e7c1c37182cb08eb3a45,uint16,4084,3328,0.0,3489.0,560.7581176757812,729.4775390625,0.3783395008899646,False
/content/external_datasets/inbreast/INbreast Release 1.0/AllDICOMs/24055328_1e10aef17c9fe149_MG_R_ML_ANON.dcm,True,,6bd4c40a8c3f4c432d92eca574fbf34d828921e47d2bbef67db31e4365edf7e9,68939aa10aeb7f2827c1ffd81b22cbed1926b43ec751639bf111e75482f9576d,uint16,4084,3328,0.0,3235.0,577.5052490234375,738.0946655273438,0.38643143917633543,False
/content/external_datasets/inbreast/INbreast Release 1.0/AllDICOMs/24055355_1e10aef17c9fe149_MG_L_CC_ANON.dcm,True,,5ff3b1ab770e6e64cbea2c54b3a780180d623ddbfaaee7cb9c9534d7a5e49815,4d2591dd9a1bbe66c620ad97064dbc4f64622815faa55a930eeb24d33721e14c,uint16,4084,3328,0.0,2476.0,531.2918090820312,725.2947387695312,0.35375040319162965,False
/content/external_datasets/inbreast/INbreast Release 1.0/AllDICOMs/24055382_1e10aef17c9fe149_MG_R_CC_ANON.dcm,True,,25bdfbfdf5c8bae1650ece45dcbe0933cf0410d40ac819193265ccfcab536532,08d15231aad815854d51ef66b4fa3c51cee6714ecb6080ed74878bdfa4631f32,uint16,4084,3328,0.0,3263.0,489.74267578125,705.80615234375,0.3289397708223461,False
/content/external_datasets/inbreast/INbreast Release 1.0/AllDICOMs/24055445_ac3185e18ffdc7b6_MG_L_ML_ANON.dcm,True,,d404daf912650a393d004c767ea1e883bdba1f147a228fbf2260abe88177d674,b7e9daba056eceb222eb8ddcc090569c0b8660bbeaadebe36a02ba17b072473a,uint16,4084,3328,0.0,2416.0,631.0075073242188,711.402587890625,0.44561172999227755,False
/content/external_datasets/inbreast/INbreast Release 1.0/AllDICOMs/24055464_ac3185e18ffdc7b6_MG_R_ML_ANON.dcm,True,,7d671ecb95611ae0b7a1422290246e0331ccd853eeb15fd34df086509eab8984,acb87c39de43307f31956f35614f9ed3a51850e3ad657cf7fc8e76d334de9731,uint16,4084,3328,0.0,1827.0,683.4563598632812,722.05810546875,0.4767858740488209,False
/content/external_datasets/inbreast/INbreast Release 1.0/AllDICOMs/24055483_ac3185e18ffdc7b6_MG_L_CC_ANON.dcm,True,,2ac4b8db132ac963a77151b93b6c74d9e912a7a725dedfe69a27740f508ddb1b,b0383cf472fc81d0121e58173f05578a3c129a5321067f05ff81a0856d0b2c4e,uint16,4084,3328,0.0,2653.0,594.7194213867188,701.7981567382812,0.42221072324926545,False
/content/external_datasets/inbreast/INbreast Release 1.0/AllDICOMs/24055502_ac3185e18ffdc7b6_MG_R_CC_ANON.dcm,True,,c5a2ba59660a045fc6ea78386c2b083ae6e6f077f39ecdb53ee858bb01837ac0,b919b89c5f42e3998148654da726ad6373ffbbc9d3e67c6ff7021d415c9536f6,uint16,4084,3328,0.0,1811.0,502.8509826660156,675.2425537109375,0.35967305279043926,False
/content/external_datasets/inbreast/INbreast Release 1.0/AllDICOMs/24055573_6f1aef40b3775182_MG_L_ML_ANON.dcm,True,,96d02ba0567ad31d2f0527c4ed3187486159c17b92bb77d8413185156df9dabd,a8c99caaa255c8e2bdc41ab808fd01721dcf6b6c247e755dba3889fd770e06fd,uint16,4084,3328,0.0,3585.0,463.6587829589844,670.5067138671875,0.33000557993671364,False
/content/external_datasets/inbreast/INbreast Release 1.0/AllDICOMs/24055600_6f1aef40b3775182_MG_R_ML_ANON.dcm,True,,13cff23eb7f27a8a88a9a7239d84344e8c14b092ec5ebc7e01060e87b13b7cb7,cfeba6104b4db0b64a1627dc182ef4fb66e52de074747ee26af935b989cfdb84,uint16,4084,3328,0.0,2669.0,440.3753356933594,667.0162353515625,0.30976705235722896,False
/content/external_datasets/inbreast/INbreast Release 1.0/AllDICOMs/24055627_6f1aef40b3775182_MG_L_CC_ANON.dcm,True,,9725625b5d9eb9d26df8a7e037afe28f50b7817e64664d363f5ec194fec04a7e,2652aa3410f1853102fb10c039c2ce060065e6e6cd05712230001050e74019d3,uint16,4084,3328,0.0,2282.0,357.62762451171875,634.8438110351562,0.2444032145850599,False
/content/external_datasets/inbreast/INbreast Release 1.0/AllDICOMs/24055654_6f1aef40b3775182_MG_R_CC_ANON.dcm,True,,ce25224bd945c0987f39a01a6dc1bb64a97f75fd2ab7d3479af9e3c00b669cdc,c683b6c12ffda8223d660e130d41a12b16dc0b26d5ef41d757e2079869ae9faf,uint16,4084,3328,0.0,2375.0,352.8254699707031,630.0869750976562,0.24317186146217887,False
/content/external_datasets/inbreast/INbreast Release 1.0/AllDICOMs/24055725_f0f1a133837b5137_MG_L_ML_ANON.dcm,True,,e08755f83f6ffa7260d1a756d4a2e10af00989fc3747c9e0d0b221928d5333eb,efaecb9df15ce5a7cd00a18f7762bba830bd3e019a03bb5e6bac1953e865bee6,uint16,3328,2560,0.0,2359.0,628.66162109375,713.2272338867188,0.44794252835787257,False
/content/external_datasets/inbreast/INbreast Release 1.0/AllDICOMs/24055752_f0f1a133837b5137_MG_R_ML_ANON.dcm,True,,26294672cd1979d2e70880c6eb62538571e79ee67453af300f7678cf20c0b19d,89b8bce2a4b2ea04b607c5b4a4c72b23eb1534035844b79d63b5b85c5cb31840,uint16,3328,2560,0.0,2460.0,614.5010986328125,716.68212890625,0.4342909592848558,False
/content/external_datasets/inbreast/INbreast Release 1.0/AllDICOMs/24055779_f0f1a133837b5137_MG_L_CC_ANON.dcm,True,,0ee342bdf02aa418850ba8161ab3a16ccd960b859246f963af9a17fe137f6a7a,b2d37f5711298759672667406fd9f9bc635583a490bfb45574ff220f10b8a266,uint16,3328,2560,0.0,2624.0,497.7530517578125,680.1467895507812,0.359219242976262,False
/content/external_datasets/inbreast/INbreast Release 1.0/AllDICOMs/24055806_f0f1a133837b5137_MG_R_CC_ANON.dcm,True,,717ef571f6d66baea39811f5b211b1d86d9bea7131ba62fa5c19f3e22876f945,f27cdc2b5b21adce966b509343dbb822c5054b271f648736813714a51d0e8eae,uint16,3328,2560,0.0,2239.0,349.46087646484375,609.6046752929688,0.25607158954326925,False
/content/external_datasets/inbreast/INbreast Release 1.0/AllDICOMs/24055877_839819f2eadaf325_MG_L_ML_ANON.dcm,True,,e11b64e2a803953cde232a1824294d9f2915aa8d653baefcb51f2e15f6a8725d,13952d07d7ae466654f45c007ed7d0232ba431cc9cad3663bedeafef77e657d8,uint16,4084,3328,0.0,4082.0,656.4734497070312,739.5054931640625,0.4470563773732389,False
/content/external_datasets/inbreast/INbreast Release 1.0/AllDICOMs/24055904_839819f2eadaf325_MG_R_ML_ANON.dcm,True,,f1dbfa079e976b281afa386ddceab4ada0f5b50904b0867c7bbb079679e249d9,87b7ab76ec085c7dbae1944479bc7a25500c240d99be57441ad46740bd2945c0,uint16,4084,3328,0.0,3920.0,699.917724609375,758.33544921875,0.46768463233632185,False
/content/external_datasets/inbreast/INbreast Release 1.0/AllDICOMs/24055931_839819f2eadaf325_MG_L_CC_ANON.dcm,True,,1607a022c83122c718887c3b8750334a8a4ff46b9c202cd0205bc4f33d38afa2,8a300ff4dacde5017f6770432a3b8f7ab54283042dde711dca18078fd6ca004f,uint16,4084,3328,0.0,2127.0,638.785888671875,746.8912353515625,0.4257851494810894,False
/content/external_datasets/inbreast/INbreast Release 1.0/AllDICOMs/24055958_839819f2eadaf325_MG_R_CC_ANON.dcm,True,,2906bfdf550fbe389c96361dcb020e11c8fa13804f33f87386109d1ae9be6af1,9ed231085b5ee59c7e80d427b1f35cae37d308388bb6bdd35d5457c069764814,uint16,4084,3328,0.0,3774.0,636.662841796875,751.472412109375,0.4211440312335192,False
/content/external_datasets/inbreast/INbreast Release 1.0/AllDICOMs/24058660_9e8db9e34d5275ef_MG_R_CC_ANON.dcm,True,,5b4adaa470b07bab04db56e88c0cbf735116eebb309405c7455a7d9a1806d607,623a8255ad147cea5eaa701d615c58b65ec27b29bc64ab40dd62850e33ba5d72,uint16,4084,3328,0.0,2395.0,586.8204345703125,734.5956420898438,0.39391277758419346,False
/content/external_datasets/inbreast/INbreast Release 1.0/AllDICOMs/24058686_9e8db9e34d5275ef_MG_L_CC_ANON.dcm,True,,133e9bebc6ec935165caad4d45ff0046e71546ab78dff1a5ebc1fa73c047c397,20ccc45c227ea14ac0fce2b67a161ccaf682221eaced4917c19c96ff5241fde4,uint16,4084,3328,0.0,2213.0,600.226318359375,739.4085083007812,0.40153869109282003,False
/content/external_datasets/inbreast/INbreast Release 1.0/AllDICOMs/24058712_9e8db9e34d5275ef_MG_R_ML_ANON.dcm,True,,b357f9f2b69c0e387f5b95bb8e9cba378ffa82768ddf11b906bf742108348453,cda64cdc1a132c9141bb393140d06de8571b683349b3548215208b7d03e4b1de,uint16,4084,3328,0.0,2898.0,648.532958984375,746.356201171875,0.4374020715220749,False
/content/external_datasets/inbreast/INbreast Release 1.0/AllDICOMs/24058738_9e8db9e34d5275ef_MG_L_ML_ANON.dcm,True,,1e6015733237edbda4731a80619b42b04414c0a8ce5cb93a03e0c3e004a3bbcc,70ea8905f960946bf2ecc8a3a1f8d2b5a87e66027f775a0b474d59a57ffb44e9,uint16,4084,3328,0.0,4001.0,682.510986328125,764.6949462890625,0.45301184147329165,False
/content/external_datasets/inbreast/INbreast Release 1.0/AllDICOMs/24065251_c4b995eddb3c510c_MG_L_ML_ANON.dcm,True,,58d765e05da541d14654d2d31ec0ac7d0820660d15a51b5edf0b18564167bc96,ff2f8a922775661cb616c42f26c7061b21c0f387c700f4b11727dd6207796671,uint16,4084,3328,0.0,2847.0,385.2923583984375,584.7896728515625,0.30842423293528215,False
/content/external_datasets/inbreast/INbreast Release 1.0/AllDICOMs/24065270_c4b995eddb3c510c_MG_R_ML_ANON.dcm,True,,1182c4e07dfe6e5e3dbfbc0ef0ecdb79ea7a10e279dabf198dce055386554787,f6e6e3be7558ef75ad8ac0a5e843e3896f5c2813aac9c9829224feb1751aea8d,uint16,4084,3328,0.0,1909.0,444.7231140136719,659.832763671875,0.3158454604742711,False
/content/external_datasets/inbreast/INbreast Release 1.0/AllDICOMs/24065289_c4b995eddb3c510c_MG_L_CC_ANON.dcm,True,,291a32a3ea74a4252c523df96fda345b34b73f0784dc451ffaab62518c0714e2,b0d1e303400338143b1846a27c1ea3f9ac95fd4f234a1ff996eefcb04648940d,uint16,4084,3328,0.0,1896.0,286.7568054199219,531.1280517578125,0.23018666300949295,False
/content/external_datasets/inbreast/INbreast Release 1.0/AllDICOMs/24065308_c4b995eddb3c510c_MG_R_CC_ANON.dcm,True,,86282a0c44173c1cff4989881d7ae67bbc7622d7573607d8f3c872a9d339e798,e3e7e4114aa77a52e9035a61cd4cb5aea1e04e2b859053bc19604be73079bcd3,uint16,3328,2560,0.0,2261.0,377.1268005371094,591.015380859375,0.29252061110276445,False
/content/external_datasets/inbreast/INbreast Release 1.0/AllDICOMs/24065380_83db89f57aea498a_MG_L_ML_ANON.dcm,True,,cc1e75eb67c56f09fe1e455a517b60b4054a26a98dc35a0d197347954f503408,d17ab85bb2e4f02e3f599ab7bc2e9e8da52f06ca9ea252c3648214edf97ecb48,uint16,4084,3328,0.0,4055.0,659.3457641601562,737.2632446289062,0.4587536434396896,False
/content/external_datasets/inbreast/INbreast Release 1.0/AllDICOMs/24065407_83db89f57aea498a_MG_R_ML_ANON.dcm,True,,214bcf65d0db7e3829012512d921ac09f5fabdf7046e8fc24e0240cff351e32f,f87cc5d8b5fd772bc783a10965814e2fb3eb6a4766fad59cc34b8a89dbfc714a,uint16,4084,3328,0.0,3122.0,627.9033203125,723.6475830078125,0.44716578356908765,False
/content/external_datasets/inbreast/INbreast Release 1.0/AllDICOMs/24065434_83db89f57aea498a_MG_L_CC_ANON.dcm,True,,ae96a8f0ebc7dfaf0e56bc57605402e2c13b2ac848931c32f99128eae99d0e62,584dc3db7bf6452f16907924f4c4a668a48f1d11af3fc3f42360b0b034250de1,uint16,4084,3328,0.0,2808.0,530.951171875,702.4053344726562,0.3711768898798312,False
/content/external_datasets/inbreast/INbreast Release 1.0/AllDICOMs/24065461_83db89f57aea498a_MG_R_CC_ANON.dcm,True,,143d5f052d53cd023ea02141a8b2a0e8dae864662fa9eea68f0ae4bf421faee5,05dcf4ab4322c9c7688dd6031899914f8ab9e06c37126275af60fa17662c5525,uint16,4084,3328,0.0,2439.0,518.731689453125,692.38330078125,0.3704357677474949,False
/content/external_datasets/inbreast/INbreast Release 1.0/AllDICOMs/24065530_d8205a09c8173f44_MG_L_ML_ANON.dcm,True,,33ae15b884e06eba00134709f84d96d37adeafc5371e4ef3ca5c216bb6846b50,799fc83e00fb13ad5de97057543254813869b755969797985346b5f16418328c,uint16,3328,2560,0.0,2336.0,500.3904113769531,662.5536499023438,0.3834863516000601,False
/content/external_datasets/inbreast/INbreast Release 1.0/AllDICOMs/24065557_d8205a09c8173f44_MG_R_ML_ANON.dcm,True,,9a22564b60fcd61bf232920877972221bb5f3e7559808da5836a51f3d0759ec7,aaa57a0dd03e49a00424b787fc7b6411316bfb785d1d13005eea8da46deaf442,uint16,3328,2560,0.0,2262.0,526.0050048828125,698.8310546875,0.36888157771183894,False
/content/external_datasets/inbreast/INbreast Release 1.0/AllDICOMs/24065584_d8205a09c8173f44_MG_L_CC_ANON.dcm,True,,64f9c11ee3b8fb1951934153e04e1cf7fe9ea60be570b1147783cd92da1871ef,338220e029b46438a3a7c5ee45355331ea049a4c0591ad3500f1424e0743446e,uint16,3328,2560,0.0,2912.0,327.6117248535156,602.27978515625,0.23891883263221153,False
/content/external_datasets/inbreast/INbreast Release 1.0/AllDICOMs/24065611_d8205a09c8173f44_MG_R_CC_ANON.dcm,True,,99839a898d934f1e2ba9c0ee88236c2e19431d27b518523b5af6d0234e126d01,96eff9b24b6f3e06c560ad5404f7e2fad896abde24b2e004cf94767f09f73fc2,uint16,3328,2560,0.0,2278.0,418.85528564453125,672.237060546875,0.28475306584284854,False
/content/external_datasets/inbreast/INbreast Release 1.0/AllDICOMs/24065680_5291e1aee2bbf5df_MG_L_ML_ANON.dcm,True,,2656fa0c22fbd5c0e2c1606a9caeaf8460397eebd9ac7809857d935b84269949,990274d72e88d731c9dd4762405d8526a8222a58995fa70b5085112882149cdd,uint16,4084,3328,0.0,4095.0,354.3915710449219,647.6607055664062,0.2374964242494161,False
/content/external_datasets/inbreast/INbreast Release 1.0/AllDICOMs/24065707_5291e1aee2bbf5df_MG_R_ML_ANON.dcm,True,,642c31580bde9ea1c5bb7d9870751bc9f247f85b6bf64022cf1e270756a3128b,db781a68b11b0879af866530a742f0149e316907b37d05b45fedea4db7e86d8a,uint16,4084,3328,0.0,4061.0,350.59954833984375,659.4383544921875,0.2297129128446847,False
/content/external_datasets/inbreast/INbreast Release 1.0/AllDICOMs/24065734_5291e1aee2bbf5df_MG_L_CC_ANON.dcm,True,,afeab15806ad809c489b7ce13ac397211ba08c41bc90d1878dbac64e5aa840c0,d0ed2a402e83cc6f0466e08b8cfa12cf6c4c7f16ac33a19b5522391c87c8de7a,uint16,4084,3328,0.0,2603.0,239.369873046875,547.4026489257812,0.16261733759323438,False
/content/external_datasets/inbreast/INbreast Release 1.0/AllDICOMs/24065761_5291e1aee2bbf5df_MG_R_CC_ANON.dcm,True,,af9e7d6998b4bfb6cf3857ac1e32a0e6e86ca137b6606609163b6b9ad8829432,4ace1ffd7614c94af84b1eeece4c227bf814bc4e417fbe97e053e4bb94e9f620,uint16,4084,3328,0.0,2303.0,236.1932830810547,546.2034301757812,0.1596511568362465,False
/content/external_datasets/inbreast/INbreast Release 1.0/AllDICOMs/24065833_c01f83a1eb283270_MG_L_ML_ANON.dcm,True,,cebc486dbfd182a1cdab306beaeb17a397cfefc5e32d4d7031d59c4119ae4d8a,3be869170b6ffdc3457f98d1b2cccbb0331442e4eecc5f2974e4a3bdd6b97028,uint16,3328,2560,0.0,2634.0,626.8668212890625,712.5569458007812,0.44992523193359374,False
/content/external_datasets/inbreast/INbreast Release 1.0/AllDICOMs/24065860_c01f83a1eb283270_MG_R_ML_ANON.dcm,True,,5b9e360ca2fa4f23fd76b8faca9f1c9a3d2132d1954e9b3639416d39944f60a6,00cf15f456a11b76690b7dfcd1939d87ede5915fa5fe15f4e72bd0e36ba125e6,uint16,3328,2560,0.0,2223.0,620.8947143554688,693.3286743164062,0.46241619403545675,False
/content/external_datasets/inbreast/INbreast Release 1.0/AllDICOMs/24065887_c01f83a1eb283270_MG_L_CC_ANON.dcm,True,,a5e2932175ceaa40ef7a6a0fe61a56c9c78803eb4682e06af51f7987273af9aa,a88d38abcf3d5f89af194e46e1a48cfc235eda1e25593dd5a27141f96488b8f5,uint16,3328,2560,0.0,2470.0,479.787109375,689.9968872070312,0.3347709068885216,False
/content/external_datasets/inbreast/INbreast Release 1.0/AllDICOMs/24065914_c01f83a1eb283270_MG_R_CC_ANON.dcm,True,,6fac647713851f4b1b0d0758aadd562f267595def56a46e466171ce64ee471e6,fc0576cf6d38a506e88f17cb515aec79964663496ebd71b736c35f08d7f0a652,uint16,3328,2560,0.0,2266.0,470.4868469238281,675.364990234375,0.3382205669696514,False
/content/external_datasets/inbreast/INbreast Release 1.0/AllDICOMs/26933772_f8bfddc28e8045c0_MG_R_CC_ANON.dcm,True,,51ac4150be9320828190dc0e336f4bc51aac9c986143f2d0d62c95f1efc6e3f1,7b0342a5448808cdf8030e38f8400199c3a06b7dbf5d3033a473ad71f2c3ce33,uint16,3328,2560,0.0,2881.0,186.8968963623047,489.18109130859375,0.13060572697566106,False
/content/external_datasets/inbreast/INbreast Release 1.0/AllDICOMs/26933801_f8bfddc28e8045c0_MG_L_CC_ANON.dcm,True,,c28ecd473631129a88cac29b23615859d4b90bdb05f9802af7d9243d553c47b1,ae0adc705c0c3961d65013136148c586cb7c500416e1dcf3efc6ab02183f5d94,uint16,3328,2560,0.0,2190.0,212.79806518554688,510.1568908691406,0.1525848388671875,False
/content/external_datasets/inbreast/INbreast Release 1.0/AllDICOMs/26933830_f8bfddc28e8045c0_MG_R_ML_ANON.dcm,True,,8501b86db453742af431da83ceda02975c7be6850f5ff4c549921e9bce4b6950,b5e0e4ebdf31c3964e1b90710dfa2ebf94c374556c89783a27980e6c32f31e36,uint16,3328,2560,0.0,3039.0,317.9633483886719,590.002685546875,0.23236530010516826,False
/content/external_datasets/inbreast/INbreast Release 1.0/AllDICOMs/26933859_f8bfddc28e8045c0_MG_L_ML_ANON.dcm,True,,9fc03eb79a09117a0004a2cbaab30147eab41c73334adf943efd875479d6b2a6,d0a1cdf72d1bf9083482e48da9f337fecad29190833671eee3456b453df26346,uint16,3328,2560,0.0,2523.0,330.6420593261719,594.7739868164062,0.24243868314302885,False
/content/external_datasets/inbreast/INbreast Release 1.0/AllDICOMs/27829134_fbb55bf7fff48540_MG_R_CC_ANON.dcm,True,,375d11577fd89503b71ea5febbce90007e310857a3b4078639893e30f456c59d,78f2b7ebfc6da51f18b56ba03b37fb145dc542ecf3a0d38d164e9da83ee4e08e,uint16,4084,3328,0.0,2796.0,374.9587097167969,644.5326538085938,0.2609019190744368,False
/content/external_datasets/inbreast/INbreast Release 1.0/AllDICOMs/27829161_fbb55bf7fff48540_MG_L_CC_ANON.dcm,True,,05656000c534b21646e2a8a99e688e0bf436bf21370aaf1a535549e5ff828f08,2afcaed65d941453ebf3339636b5431742c4007f503cd179a4308392b56b0bd3,uint16,4084,3328,0.0,2271.0,381.18206787109375,643.2677612304688,0.26462342196093575,False
/content/external_datasets/inbreast/INbreast Release 1.0/AllDICOMs/27829188_fbb55bf7fff48540_MG_R_ML_ANON.dcm,True,,da1fbe42f4986937eb528fc6d337103cef51546d37e6105349dcb3e74764e186,964568871d5b549528de4d989f3c4c05e3b304455f7ea92affcf5a060c46b24a,uint16,4084,3328,0.0,2832.0,552.9757690429688,729.3703002929688,0.386279138688503,False
/content/external_datasets/inbreast/INbreast Release 1.0/AllDICOMs/27829215_fbb55bf7fff48540_MG_L_ML_ANON.dcm,True,,9bf4f707f737004ffc0a6bb676cc43bda6935cdb008890d209ef68ac57f9a876,ac799232eefba2deda1fee95539fb26a7b757e0c03bbbfebc818a30f2bcfcbfd,uint16,4084,3328,0.0,2869.0,547.4427490234375,723.9664306640625,0.3759047531878626,False
/content/external_datasets/inbreast/INbreast Release 1.0/AllDICOMs/30011484_349323117bf0fd93_MG_R_CC_ANON.dcm,True,,add362900050e7ffeda1e2c9a7007f37645685d829a4dfc4c6dcca84e31c1e0a,c116d99c154696d21af7ca7f6808588af378cfd984f8deabc6d8eccf8d0c3784,uint16,3328,2560,0.0,2648.0,270.8737487792969,581.11279296875,0.18037344125600963,False
/content/external_datasets/inbreast/INbreast Release 1.0/AllDICOMs/30011507_349323117bf0fd93_MG_L_CC_ANON.dcm,True,,12f138da0bcaf95e8011e8b9543b463b8c84c70a9ae2c1803f682ecb4911f38a,1958f4f9c8d0c317ca9c1f60d7a7cf9cbea969a676811b638d9e829f64f3a0cb,uint16,3328,2560,0.0,3060.0,242.88088989257812,556.8796997070312,0.16197216327373798,False
/content/external_datasets/inbreast/INbreast Release 1.0/AllDICOMs/30011530_349323117bf0fd93_MG_R_ML_ANON.dcm,True,,4d412d66e47fe95da333243cc570e04193fcb7331b259aee85064fb5358fc6e7,96ae2caa22a3fee8d18f6dc47fe5c7617cf47ddaedc1ebece2ba5409dee3678f,uint16,3328,2560,0.0,2475.0,479.1136169433594,725.1902465820312,0.31113257774939906,False
/content/external_datasets/inbreast/INbreast Release 1.0/AllDICOMs/30011553_349323117bf0fd93_MG_L_ML_ANON.dcm,True,,f515d1842065c825a07aa00300227be95c7f9a694db771ebfcfa13280eaa02fe,fcaf31ecf2847b9f44cbf3a2b940898953d34783060943fe49acb48a4865b7fa,uint16,3328,2560,0.0,2726.0,472.9195251464844,715.9320678710938,0.30946573110727166,False
/content/external_datasets/inbreast/INbreast Release 1.0/AllDICOMs/30011647_6968748e66837bc7_MG_R_CC_ANON.dcm,True,,bbed5eeafcb8a845e803d9397701553dc61e1f84cae8a8ddb0aaeb41cb762c21,fc7a83d051fc955ef7182fef5e202ddc7d2ed39c03273ab4722bd0f47ebd2975,uint16,3328,2560,0.0,2597.0,491.11761474609375,711.99365234375,0.3255077655498798,False
/content/external_datasets/inbreast/INbreast Release 1.0/AllDICOMs/30011674_6968748e66837bc7_MG_L_CC_ANON.dcm,True,,bfcf68250aa425455fbf4922f5ffda616459374014b0acca268b18ed4885d0e8,9d2219b51f0d6d95a9b02bfb3c13719b880cade1000fd31d1d80ba5a7fde00c2,uint16,3328,2560,0.0,2855.0,522.430419921875,726.9910888671875,0.34458465576171876,False
/content/external_datasets/inbreast/INbreast Release 1.0/AllDICOMs/30011700_6968748e66837bc7_MG_R_ML_ANON.dcm,True,,4c8007c5d7762eb4ca07e0117b24289033abce7ed7ec575516a71420092a98ed,ea23b76ec8aee9bbe7bb429f583a8affe88aa23d14168c454d06397c5712ecc6,uint16,3328,2560,0.0,2400.0,629.4256591796875,754.7109375,0.41527123084435097,False
/content/external_datasets/inbreast/INbreast Release 1.0/AllDICOMs/30011727_6968748e66837bc7_MG_L_ML_ANON.dcm,True,,802a5b86b42584f084bd557bbcb171fd093543815c144474a46c70d4d7863cf6,9a9680cfb6fb5fdc16232bb0f92981f6d854fa1e5ae6fd0c0d2610dd726e9f36,uint16,3328,2560,0.0,2689.0,648.2369384765625,756.072265625,0.42859661395733173,False
/content/external_datasets/inbreast/INbreast Release 1.0/AllDICOMs/30011798_4f20c1285d8f0b1f_MG_R_CC_ANON.dcm,True,,c7c1322eff2af83a0352694eb2ac98a44eff6b802d8237b938f55a91844eceef,608478eb1171a0e8d254901661785b086a95e396b33d185b28babf7e9be75299,uint16,4084,3328,0.0,2600.0,359.3235778808594,659.0758056640625,0.23334178466153094,False
/content/external_datasets/inbreast/INbreast Release 1.0/AllDICOMs/30011824_4f20c1285d8f0b1f_MG_L_CC_ANON.dcm,True,,28c4c830125df2b0367540066de4ec60a2d44ee6c031344e9eeb79d975022a39,2e4877de49cb8d2676a0337338c243baa1ff3eaf49a62391a918632a43ef0e5a,uint16,4084,3328,0.0,2519.0,430.0448303222656,680.8262329101562,0.2905556333816771,False
/content/external_datasets/inbreast/INbreast Release 1.0/AllDICOMs/30011850_4f20c1285d8f0b1f_MG_R_ML_ANON.dcm,True,,62d2170d707940da0886deb30325793b7cb39e74b048217c086bc842d7b0c2a8,dae9d4c3102e17739425cde781eb185c85ea3189dae4d2df630115f68949e589,uint16,4084,3328,0.0,2788.0,444.9644470214844,690.341552734375,0.3010499463195962,False
/content/external_datasets/inbreast/INbreast Release 1.0/AllDICOMs/30318067_4f20c1285d8f0b1f_MG_L_ML_ANON.dcm,True,,44f0d5cc54421edfd11da50a26c93bde872d9ae4c5438a30eeb4b70bac17954e,eb0a281ee2841c9f9519410b882434d1fb69edca9330fb02a104a237a67a3a6e,uint16,4084,3328,0.0,3418.0,567.1473388671875,738.6953735351562,0.3800580684236797,False
/content/external_datasets/inbreast/INbreast Release 1.0/AllDICOMs/50993399_5d85ecc9cf26b254_MG_L_ML_ANON.dcm,True,,03f17d02f0d6981edf27bfbee22f21011a5daf304e8197bbcdf35e8e1c8d6b09,4ebf48caa58406b542e8f3bccb326514078e6d7df30d501c9074e2189730117c,uint16,3328,2560,0.0,3267.0,677.4194946289062,734.2169799804688,0.4680027888371394,False
/content/external_datasets/inbreast/INbreast Release 1.0/AllDICOMs/50993426_5d85ecc9cf26b254_MG_L_CC_ANON.dcm,True,,e8fdf5f6396857c2c778142125433fb95fe6ef92f270afced91d25b6e96f5ac8,58d4dc5d0d70297d9074e55f5c0bb1d90b9fecde668beddab6634eac3627a28c,uint16,3328,2560,0.0,3198.0,646.1193237304688,747.8523559570312,0.43336709829477166,False
/content/external_datasets/inbreast/INbreast Release 1.0/AllDICOMs/50993616_b03f1dd34eb3c55f_MG_L_ML_ANON.dcm,True,,dd21be7e8d5d13079b57556cdd328bc7ceab3d7742ddea23a95270407e845c1f,97d0463c9c105919dc5e0f8a00eb7cec549a2d298074fc094184eb4695cf042c,uint16,3328,2560,0.0,3067.0,851.0259399414062,744.5563354492188,0.5804417536808895,False
/content/external_datasets/inbreast/INbreast Release 1.0/AllDICOMs/50993643_b03f1dd34eb3c55f_MG_L_CC_ANON.dcm,True,,ed3e3b0e74f1fd78102860e1934137c314178464807d2f2f60f835612a2a9d65,29a29e8cacca01789d785bb6a6a9621c404098f22754a5d2d8a3e65f39d63308,uint16,3328,2560,0.0,3564.0,562.9551391601562,722.5889282226562,0.3849124615009014,False
/content/external_datasets/inbreast/INbreast Release 1.0/AllDICOMs/50993670_b03f1dd34eb3c55f_MG_L_ML_ANON.dcm,True,,58f4a0babd6417c52f5882062dcf14e314be2162a423c6df6337934680e61e8f,ebc0050ea314f564d7190159c80ed4178f91077f574d6c3e26705cdf8057d546,uint16,4084,3328,0.0,3584.0,526.5486450195312,712.665771484375,0.362323596304528,False
/content/external_datasets/inbreast/INbreast Release 1.0/AllDICOMs/50993697_b03f1dd34eb3c55f_MG_L_CC_ANON.dcm,True,,a2dc3e0f36c8fc0868a1af316d6560c8717d5d37564d013fec7c97a0800ea48c,31f9383f8e9230bec721de25efd1e4c203b8dce512644b9f1033fe18ae957481,uint16,4084,3328,0.0,3367.0,305.8085632324219,595.9993896484375,0.21398387763222332,False
/content/external_datasets/inbreast/INbreast Release 1.0/AllDICOMs/50993787_de5e8d61e501a71b_MG_L_ML_ANON.dcm,True,,b198855aceca07c05439c244a0d291361e8901034482928e33eed17d697e61cc,79a5ddb64ba9a11a3117952239a8bfb6b4ab2202bd12f36f1e925e11f270574e,uint16,3328,2560,0.0,4095.0,486.7744140625,706.8740234375,0.3406350942758413,False
/content/external_datasets/inbreast/INbreast Release 1.0/AllDICOMs/50993814_de5e8d61e501a71b_MG_R_ML_ANON.dcm,True,,d6de83c270652a58ead153a7c74cda48837730f26fd9bdd1adc9a18663308416,a3a90ae42bb840263b464f7fddb430b6138df50dba168fc2315c7ca925f1ad10,uint16,3328,2560,0.0,4082.0,696.8472290039062,708.5216674804688,0.5130495511568509,False
/content/external_datasets/inbreast/INbreast Release 1.0/AllDICOMs/50993841_de5e8d61e501a71b_MG_L_CC_ANON.dcm,True,,d5eac154ac80fd156231520115c2df8507c7f990f75844f20b41f465afe0d37b,ba5482bafaf9f8cbdf980c7ac1f5dfcb7f959d162fa04f1c6c1200800647e401,uint16,3328,2560,0.0,4095.0,433.40966796875,704.4849853515625,0.29139615572415867,False
/content/external_datasets/inbreast/INbreast Release 1.0/AllDICOMs/50993868_de5e8d61e501a71b_MG_R_CC_ANON.dcm,True,,2bbc3c361e0323983c0e82979f9c3877649acd4d90c6b20c84af660fed54d521,a6441e642fb1cc0222528a3ba00947864654c7152d13417e34110e5daa2b9c61,uint16,3328,2560,0.0,4092.0,646.21875,723.4566040039062,0.4590022160456731,False
/content/external_datasets/inbreast/INbreast Release 1.0/AllDICOMs/50993895_de5e8d61e501a71b_MG_L_ML_ANON.dcm,True,,cad7e90ad7dc1d54b866589bf4a0f0eb3cbd79b7a0e6572624af15ef994dc75d,5aa6dca4a7ec9d1dafddf354f7fcc9560536e64fbcedd20354077f9e81eee610,uint16,3328,2560,0.0,4095.0,506.1426086425781,703.6180419921875,0.36092001108022836,False
/content/external_datasets/inbreast/INbreast Release 1.0/AllDICOMs/50993922_de5e8d61e501a71b_MG_R_ML_ANON.dcm,True,,6950e511a9dbbac1c89109d5eaca628af094ed00f0ddd4c17292c249c12db225,7ded44c09f1516c5aca6ea2bfeba19549828cd6ccec0ddcad739d1d1d0a57dab,uint16,3328,2560,0.0,4095.0,773.638671875,706.5510864257812,0.5670271653395432,False
/content/external_datasets/inbreast/INbreast Release 1.0/AllDICOMs/50993949_de5e8d61e501a71b_MG_L_CC_ANON.dcm,True,,80eb58807967de4f8080ecb191b900a5f8de2f0e52cf8135025dbb1c14b426e9,0e8bd42e0903b3348a62702b8065d567aa8f3add03629d736cabee0644057945,uint16,3328,2560,0.0,4095.0,431.8348083496094,697.3815307617188,0.2938312237079327,False
/content/external_datasets/inbreast/INbreast Release 1.0/AllDICOMs/50993976_de5e8d61e501a71b_MG_R_CC_ANON.dcm,True,,7b42c1f9c5093772ca52634b137a5d1fdb570cacc2f7176eaca1339147714d36,3e0f859d76e5ec3810de7de20b7cee6824427cfd838dcd2b8dc34df4b4184f7b,uint16,3328,2560,0.0,4093.0,598.9447021484375,711.1239624023438,0.42949559138371396,False
/content/external_datasets/inbreast/INbreast Release 1.0/AllDICOMs/50994110_cc9e66c5b31baab8_MG_L_ML_ANON.dcm,True,,d3a14c0ea289df371c32d01295e0630d09880d1d45c431d989acd8ebad697502,ecf2bc9cf5bffdfa09ff312299b77651e798aca5528c093ca5befbb26b8a716b,uint16,3328,2560,0.0,2259.0,354.080810546875,638.1659545898438,0.23947859544020433,False
/content/external_datasets/inbreast/INbreast Release 1.0/AllDICOMs/50994137_cc9e66c5b31baab8_MG_R_ML_ANON.dcm,True,,de57267a50fd35f0637e5ac1a6b02fe7f3848fcf1a735e21b1bae071657044b0,4ffe375225f47c3f7bb450372ce0b80402b679ccc535206dc252e3cb77fd5aff,uint16,3328,2560,0.0,4095.0,251.6597137451172,534.2274169921875,0.1889624962439904,False
/content/external_datasets/inbreast/INbreast Release 1.0/AllDICOMs/50994164_cc9e66c5b31baab8_MG_L_CC_ANON.dcm,True,,c5cea60ff23568cb7fb45e8efef7a8787162486a6b0eaa46477b951de452c24f,3d3f4dd7d6d02ab787505cfef6ed810bc8e25d744d997636ba0b04f890cfb40c,uint16,3328,2560,0.0,2265.0,218.3860321044922,526.63671875,0.14926053560697117,False
/content/external_datasets/inbreast/INbreast Release 1.0/AllDICOMs/50994191_cc9e66c5b31baab8_MG_R_CC_ANON.dcm,True,,39c1445243d5329f75ec37e95df0bca3b1edf7884e949b8a02c9aa3e164caed5,dd5183308a7731f18f204fbd8822e4748bbf9467c48adf161caee95570235a45,uint16,3328,2560,0.0,2193.0,170.3591766357422,468.95550537109375,0.12044325608473558,False
/content/external_datasets/inbreast/INbreast Release 1.0/AllDICOMs/50994273_cc9e66c5b31baab8_MG_R_CC_ANON.dcm,True,,a119cff28e21bcffeb32da42794a196fe07c3861fcd92c9291f09f08bc4b2501,f26549e3c18c61294efd3879669c686e2a3e07860810ef2f0502106d4f4ed8d1,uint16,3328,2560,0.0,2146.0,242.4262237548828,549.5227661132812,0.16571455735426682,False
/content/external_datasets/inbreast/INbreast Release 1.0/AllDICOMs/50994300_cc9e66c5b31baab8_MG_R_FB_ANON.dcm,True,,65706a356152ceeb6c96921500086e82d8ec60b57a4bc6188a933153a28d03bc,8a51e54f539a8aa3f0d1b48fb828952b2bb45a441b26288d0e5c7ed5423d70a9,uint16,3328,2560,0.0,2067.0,173.46058654785156,479.6390075683594,0.11770242544320914,False
/content/external_datasets/inbreast/INbreast Release 1.0/AllDICOMs/50994327_cc9e66c5b31baab8_MG_L_ML_ANON.dcm,True,,9668cade7aeb98e731110c153eec8abbfb4dbcc078f8672580a6d5f1771f9d4c,bb460a64f95005dbe1013954dfc162da8889a7fe1cdfb831bbc9be87913d4be5,uint16,3328,2560,0.0,2230.0,345.9722595214844,634.0278930664062,0.23391089806189905,False
/content/external_datasets/inbreast/INbreast Release 1.0/AllDICOMs/50994354_cc9e66c5b31baab8_MG_R_ML_ANON.dcm,True,,a902cad730ae9808e1d836961d081b7648a074738d559e05e8dbf9ab0f6c204b,5c396336e7dbf304188f2d5b6ab8fac01681d25f1eb92f7883723e5aa0ca6ce0,uint16,3328,2560,0.0,2415.0,356.01251220703125,633.353759765625,0.2450525137094351,False
/content/external_datasets/inbreast/INbreast Release 1.0/AllDICOMs/50994381_cc9e66c5b31baab8_MG_L_CC_ANON.dcm,True,,0fa4f8b573099adccca0e397694d380425ee9df223a3f6b9cf0255f275cac6c3,dd73214a70224f03b39dce5568212aa0d9666ee8b84d1b9edd232120cc0cfefe,uint16,3328,2560,0.0,2203.0,193.2122039794922,500.52398681640625,0.13197338397686298,False
/content/external_datasets/inbreast/INbreast Release 1.0/AllDICOMs/50994408_cc9e66c5b31baab8_MG_R_CC_ANON.dcm,True,,d7e6e5068bb2e3558084600a90fdd7598ba4602af0ddb634b0e6af9eb08c9a36,72e07907aa15ed412da52246a1d87097c63d87dba2aa064bed6b22a0b00902cd,uint16,3328,2560,0.0,2212.0,175.8134002685547,476.61102294921875,0.12227196326622596,False
/content/external_datasets/inbreast/INbreast Release 1.0/AllDICOMs/50994535_de4c34099d6ef8de_MG_R_ML_ANON.dcm,True,,89b10dda282bb14f3d77c96baf1ee8891e69952a113b390df583765992f7f074,31b5b788c3666bb5ba2e44e6052e8a77f84c201d47dd2c4f55c8c91ad5c6b681,uint16,4084,3328,0.0,2380.0,533.9510498046875,721.4932250976562,0.3628858573325548,False
/content/external_datasets/inbreast/INbreast Release 1.0/AllDICOMs/50994562_de4c34099d6ef8de_MG_R_CC_ANON.dcm,True,,c74ddf87d2eea6af6c1ec807afa2e82b2b9d58162dd582fdd691dd5f1e894e14,9d7c1f508844044dd1e856fba456ec08c36c33aff7004b5cf51d30b8680168ba,uint16,4084,3328,0.0,2808.0,368.71246337890625,639.4263916015625,0.2552906393618624,False
/content/external_datasets/inbreast/INbreast Release 1.0/AllDICOMs/50994589_de4c34099d6ef8de_MG_R_ML_ANON.dcm,True,,7b6af1a70e30e1e46f4f9816f877795aeed8e57267c76f12e9551a6c13bc204d,c955a8333264e217249625c84a883c564da16dc6d168b37ab9e71212a4420b6c,uint16,4084,3328,0.0,2714.0,531.5408935546875,722.6986083984375,0.36231484086585547,False
/content/external_datasets/inbreast/INbreast Release 1.0/AllDICOMs/50994616_de4c34099d6ef8de_MG_R_CC_ANON.dcm,True,,4827c1ccbb93eeeb919e421a0c1090f8ef3ef4425cdc9b60f1aacd5845198b54,40a751f1fd54e57d68db40d9579a05ef006da8cc3ef0a74808ff77b654edfc6b,uint16,4084,3328,0.0,2465.0,403.8058166503906,662.447998046875,0.27689420604799214,False
/content/external_datasets/inbreast/INbreast Release 1.0/AllDICOMs/50994706_069212ec65a94339_MG_R_CC_ANON.dcm,True,,eb48c2ce96928d962e092d3f694bc010ef8b0cd63e9a0a485e53ea6e263d5f1e,68149e5c8aec172b977f701aff43faa18d7f7b865e8ea9bbea163dda02fdfb0e,uint16,3328,2560,0.0,4095.0,290.64166259765625,581.612548828125,0.2084253164438101,False
/content/external_datasets/inbreast/INbreast Release 1.0/AllDICOMs/50994733_069212ec65a94339_MG_L_ML_ANON.dcm,True,,e01a8bc8baea74968fe95da166f3824d9add770397310e14f7840a3783c91168,7c6f0f19143080762a6e1f9f1bdf9ce9a09f2728d86dab123854f59ae5bd2fd7,uint16,3328,2560,0.0,2304.0,449.8042297363281,672.427978515625,0.3168218759390024,False
/content/external_datasets/inbreast/INbreast Release 1.0/AllDICOMs/50994760_069212ec65a94339_MG_R_ML_ANON.dcm,True,,29e5aa7d63b74aead7746da017e3b25b9f01e9dd5872af4bed8ffbdf9958489c,5f8019675ff3d724a54045991df2e950368c2a1602491fd348ee5d09f37cab56,uint16,3328,2560,0.0,4095.0,406.4130554199219,649.4654541015625,0.29299950232872596,False
/content/external_datasets/inbreast/INbreast Release 1.0/AllDICOMs/50994787_069212ec65a94339_MG_L_CC_ANON.dcm,True,,15dcc008668e8ae2f8d05d729fadfab1bd232f52e2a01273bd3c7ddbf868ce8e,a0c5c491c7798f515f7b9be87ff561fb75862f07e3ceb31627dc78f96b96750f,uint16,3328,2560,0.0,2957.0,315.4104919433594,599.8831176757812,0.22189671443058895,False
/content/external_datasets/inbreast/INbreast Release 1.0/AllDICOMs/50994814_069212ec65a94339_MG_L_ML_ANON.dcm,True,,d048b077363f3fa71c8a66123aee44c2814503fc80fab634b036fc02d43eec64,d5066fe8365d01acb24997fd8df1a344f498d16b94e1b1bec05622942243f060,uint16,3328,2560,0.0,2354.0,403.09613037109375,654.0206298828125,0.2819445096529447,False
/content/external_datasets/inbreast/INbreast Release 1.0/AllDICOMs/50994841_069212ec65a94339_MG_R_ML_ANON.dcm,True,,1e36f61934dd90a366306f404033663e74aa795e907fa02b6a27234f2570dead,2b7f4d04b94e543e4ae899766541ea213ab160f4eb88f1db65853fb79d2d446b,uint16,3328,2560,0.0,3427.0,409.8737487792969,669.9376220703125,0.2787558922400841,False
/content/external_datasets/inbreast/INbreast Release 1.0/AllDICOMs/50994868_069212ec65a94339_MG_L_CC_ANON.dcm,True,,80469e8e3e5e4c9a6c5f38db0a5d26bc6e1473a68d5ebf0f035ecb0f92d7efa4,2dc739396c5f1399d97d6d72e1c186a3ec66d49d5d5bf14d44519d09f613b96d,uint16,3328,2560,0.0,2586.0,307.64544677734375,599.107421875,0.21324016864483172,False
/content/external_datasets/inbreast/INbreast Release 1.0/AllDICOMs/50994895_069212ec65a94339_MG_R_CC_ANON.dcm,True,,ba9598eafac4c78be9e2accc6cc78de4a3fc67fa7c610aed55186ee2ea8847d5,7d7379a7bcbbbb6db61cdb1a9d68351e952545399488f8f9f015dc31b8e93b4c,uint16,3328,2560,0.0,2806.0,299.79779052734375,591.7359008789062,0.20908003586989182,False
/content/external_datasets/inbreast/INbreast Release 1.0/AllDICOMs/50995762_0c735e8768d276b4_MG_R_ML_ANON.dcm,True,,117363b8aafe284500e41df69e3a6355bb7b4ee0fddfc2f724cbd5006270f864,90fe1326d956f12ead8cf9cb953ad5ac856c6e2b9f841e615e3f7bd60d069a86,uint16,3328,2560,0.0,2415.0,500.36700439453125,709.2138671875,0.3364558293269231,False
/content/external_datasets/inbreast/INbreast Release 1.0/AllDICOMs/50995789_0c735e8768d276b4_MG_R_CC_ANON.dcm,True,,5e77941f6b8b2bcb9b921a469a57e22d077e2444abd431c248dd63c0c7988207,de7ead46528aa0eb5720e27c80c301e4dffd17375d99b6e1e834b111b56a5ca7,uint16,3328,2560,0.0,2623.0,352.84588623046875,636.6329345703125,0.2375511756310096,False
/content/external_datasets/inbreast/INbreast Release 1.0/AllDICOMs/50995872_c94d8a1ebd452afe_MG_L_ML_ANON.dcm,True,,afbd8a07be5713f1bd3ba6275410fa06b61e05f07336ef852092e77b86a68f6a,fe1697c19d41a87326d03a87f7feb0baa87dda3d5ec1444f3da8a4a94108381e,uint16,3328,2560,0.0,2474.0,629.2947387695312,734.2678833007812,0.4291965191180889,False
/content/external_datasets/inbreast/INbreast Release 1.0/AllDICOMs/50995899_c94d8a1ebd452afe_MG_L_CC_ANON.dcm,True,,13f28e543b1a4a795d1c11e911df5a3fc4cd85239e8dd599dfdf90a8c6bd0a25,1bbc26d6c58823906499299024aab3661aafe1a09eda7f2ec810d51bc6474ece,uint16,3328,2560,0.0,2188.0,480.7425842285156,701.9453735351562,0.3233234112079327,False
/content/external_datasets/inbreast/INbreast Release 1.0/AllDICOMs/50995963_d742ec2f9b90aa62_MG_L_ML_ANON.dcm,True,,9e589589582dec60ff041cb22786bd5fc644150581907bd022bb269c25b588b4,da8c823df9d8e02515c783c8768fdadc95c8d665fb9b6f82af404fd22b6b0d1b,uint16,3328,2560,0.0,2523.0,551.1336669921875,712.1973266601562,0.3815351046048678,False
/content/external_datasets/inbreast/INbreast Release 1.0/AllDICOMs/50995990_d742ec2f9b90aa62_MG_L_CC_ANON.dcm,True,,4edd94b96b02c5c544b3fbee3b264d4d689262c52abab1b50e3d6e97a08f5488,3d6c666a6ec1867b66bf1e0fe016cf5fd1573635cb00227798406eb121bf0cec,uint16,3328,2560,0.0,2371.0,428.2021484375,666.5549926757812,0.29695164607121394,False
/content/external_datasets/inbreast/INbreast Release 1.0/AllDICOMs/50996056_71c1a60d57c5322f_MG_L_ML_ANON.dcm,True,,da4fb329c71feb6fba7182e630f8ae293a26e9d7011e740e40dd228c0573ca78,5b468c79db56dc9802296917f58d922fe3abb9c84c9a61251f77ac7aa10fd956,uint16,4084,3328,0.0,2744.0,446.74481201171875,671.7673950195312,0.31233739899608226,False
/content/external_datasets/inbreast/INbreast Release 1.0/AllDICOMs/50996083_71c1a60d57c5322f_MG_R_ML_ANON.dcm,True,,a973c75f7361a792a9629c32c624ba6e47581b86d8c3e920575dfb117ef6c6b5,d11fd4b26a608fe24ecb2781f25837f87251ba07d1987b648dc061482e2696d6,uint16,4084,3328,0.0,2226.0,463.10137939453125,680.1680297851562,0.3223855524372787,False
/content/external_datasets/inbreast/INbreast Release 1.0/AllDICOMs/50996110_71c1a60d57c5322f_MG_L_CC_ANON.dcm,True,,53848f4569e21d42bc021b6078df306bcb3c920465db0e49c532ad513ac860d0,6509fd473b2550b1f6c623deb4a7599c1f72f109643c6947dc49a1b48452b50b,uint16,4084,3328,0.0,2215.0,338.8290100097656,621.0556030273438,0.23273118478301816,False
/content/external_datasets/inbreast/INbreast Release 1.0/AllDICOMs/50996137_71c1a60d57c5322f_MG_R_CC_ANON.dcm,True,,228e32584430f9cd00b9e3064836305f5272d06166641eb66f8e259da91e1dc0,7a6c78aa740c7d2be01666c38bdc25fca2eedfab3d6be1cfb31418e03f583ce9,uint16,4084,3328,0.0,2239.0,364.1724548339844,635.6588134765625,0.2513462774523469,False
/content/external_datasets/inbreast/INbreast Release 1.0/AllDICOMs/50996201_8c1b2bd64ca4d778_MG_L_ML_ANON.dcm,True,,b77ea93a69aaf5710545baaf45914ab3edf8281138c5ae6ce255e19391e07766,68234781f6ba29b1ec103d69d3bbbfaace5471056a6d9f4923dac13ae98d3874,uint16,3328,2560,0.0,2202.0,432.7491760253906,632.8712158203125,0.3307574932391827,False
/content/external_datasets/inbreast/INbreast Release 1.0/AllDICOMs/50996228_8c1b2bd64ca4d778_MG_L_CC_ANON.dcm,True,,e35fc548b7d4286a2d2f89941c984c3d819b1ad9a21e7d1ff0e8dd25f483d194,3ba25a06576795c422dcc134ab642b1f6487bed245533d4086157ba044ecfa60,uint16,3328,2560,0.0,2183.0,302.8701171875,581.4752807617188,0.22140796367938703,False
/content/external_datasets/inbreast/INbreast Release 1.0/AllDICOMs/50996325_6aba0b402889a16f_MG_L_ML_ANON.dcm,True,,a616f6e6859901429d286aa3192e166aecab4b3ef01fa39564fc37c3ca2b2c1a,bc6bf07c07bd879bd8db1220055ae135ff087a00eb6102b07896e4056413c227,uint16,3328,2560,0.0,2434.0,472.6012878417969,694.6114501953125,0.3231927724984976,False
/content/external_datasets/inbreast/INbreast Release 1.0/AllDICOMs/50996352_6aba0b402889a16f_MG_R_ML_ANON.dcm,True,,05be5bda7be7757dcd5ac3a2a27ea05591b526d22a1e7666909c0d175ebf9502,057c41def5244e44ff190188188ba0dfd47d5c5fa02febf31f8e209f7eea2b90,uint16,3328,2560,0.0,2474.0,506.5740966796875,717.6255493164062,0.3442705594576322,False
/content/external_datasets/inbreast/INbreast Release 1.0/AllDICOMs/50996379_6aba0b402889a16f_MG_L_CC_ANON.dcm,True,,3d71e255798395965dcb319744a10b07b3243a42f087c37ada84d85ba7e364b5,a17ad4787b1b163914dfe146a68d4f3c7b9606aabdaea0f9d767bd891b26b770,uint16,3328,2560,0.0,2305.0,318.04864501953125,605.0526123046875,0.22008033165564903,False
/content/external_datasets/inbreast/INbreast Release 1.0/AllDICOMs/50996406_6aba0b402889a16f_MG_R_CC_ANON.dcm,True,,466c21e6b97f664bc24efa6205132f0bd507545f7fea48c1286fd77dac95dac7,25ef9ea725be4a7023d4dc047f539360ad9670680690ccd1946df52af61d3604,uint16,3328,2560,0.0,2287.0,308.77105712890625,602.1031494140625,0.21215796837439904,False
/content/external_datasets/inbreast/INbreast Release 1.0/AllDICOMs/50996709_330e5fe16929eed4_MG_R_ML_ANON.dcm,True,,b687308635b4de14710ad99d133235b6fbbca250bd100c122466c71d1f7b5811,da7aab48f84195ede2b253b9e2a6beeef17888a7653d53e002ca0c6cb1b90959,uint16,4084,3328,0.0,3237.0,438.76385498046875,687.9165649414062,0.29286743706678975,False
/content/external_datasets/inbreast/INbreast Release 1.0/AllDICOMs/50996736_330e5fe16929eed4_MG_R_CC_ANON.dcm,True,,a498a1bdcb41b9f3f5c2c1ef86c2150656989e56b5913b3b06ded17f7de0588c,f9de43ff0d3ecf78c93df1cc0e9cebb5ac931f40881d0c0fa1a569d5c1be23f3,uint16,4084,3328,0.0,3378.0,373.85101318359375,654.4564819335938,0.2492181172540119,False
/content/external_datasets/inbreast/INbreast Release 1.0/AllDICOMs/50996800_fdf4a1516f88b280_MG_L_ML_ANON.dcm,True,,f4716c6bc58f7cafb15c39cba49061962bffb61a13b25f0440308329da98d6e1,f804f9164db946e0cd64a1c0b48b42be976042b628b14a7472ac7e4fba343d22,uint16,4084,3328,0.0,3376.0,782.9188842773438,738.4178466796875,0.5384218078994952,False
/content/external_datasets/inbreast/INbreast Release 1.0/AllDICOMs/50996827_fdf4a1516f88b280_MG_R_ML_ANON.dcm,True,,04801e0e637b56454e6a183fe5d0692c326eed78c018e9f205abb9d1c27123dd,8f06bf678b8376a8153f44d93d0d091536c3b1292ea8d26a35a27afcfe20f677,uint16,4084,3328,0.0,2870.0,526.6868896484375,678.623046875,0.38741896436845474,False
/content/external_datasets/inbreast/INbreast Release 1.0/AllDICOMs/50996854_fdf4a1516f88b280_MG_L_CC_ANON.dcm,True,,ce6f873e0e194cf3ead6600585f02fdc96d1f8d30224ca4c39e0ffdc2ac2ee27,a79d5de2c66d2bb0f92e881efb43eda9282497e4dab9d7a268f12acd3d14d91b,uint16,4084,3328,0.0,3486.0,711.3396606445312,753.4862670898438,0.4760635135707828,False
/content/external_datasets/inbreast/INbreast Release 1.0/AllDICOMs/50996881_fdf4a1516f88b280_MG_R_CC_ANON.dcm,True,,1bf797f63048d86c51808def9634ab988e0a77381f99e8d0fb8bfc7904e802b3,c3cf80566f6aca57fe7588db752c1181996032d748ae78f9d31c0f3a02e2db87,uint16,4084,3328,0.0,3137.0,533.2138061523438,707.5599365234375,0.3680190459485422,False
/content/external_datasets/inbreast/INbreast Release 1.0/AllDICOMs/50996945_ce5e5e18a261cd29_MG_L_ML_ANON.dcm,True,,517c5b370d6c52563492b8264937b585fda602a53dc961299be428fa08107de2,f1a6415c32533d5979d425494f94bc2d0b8327421e9ee296a99d50b8bc6d7bdd,uint16,4084,3328,0.0,2854.0,469.9662780761719,682.2328491210938,0.3281323575114895,False
/content/external_datasets/inbreast/INbreast Release 1.0/AllDICOMs/50996972_ce5e5e18a261cd29_MG_R_ML_ANON.dcm,True,,94d2ada82dcd38416219627b8514b2da91f3fdb0a95964f35616474d09aad668,6815b7ae84801f75b500a9d21d7f6bdb6dc2126977a177991cfbe883469cb633,uint16,4084,3328,0.0,2816.0,509.2702331542969,713.5337524414062,0.3462733321404355,False
/content/external_datasets/inbreast/INbreast Release 1.0/AllDICOMs/50996999_ce5e5e18a261cd29_MG_L_CC_ANON.dcm,True,,6f45c872343d4601d00ac39ed83e76231552ecaec053443679a2f50dd916d942,8a49d34829c9e0f0c3793e9ecb54436f9a7040ab0756179a5c3f772de58cfcc2,uint16,4084,3328,0.0,2583.0,383.4875793457031,646.7572021484375,0.2642763681439765,False
/content/external_datasets/inbreast/INbreast Release 1.0/AllDICOMs/50997026_ce5e5e18a261cd29_MG_R_CC_ANON.dcm,True,,45036ca8d062141b16871ba5167cef4258568e397c1583b757034804b47172e3,d655390332df1dd241d9c7ac0c4b4cca679be648198201af23dba10b842cf808,uint16,4084,3328,0.0,2889.0,350.09124755859375,631.6878051757812,0.23857915564020946,False
/content/external_datasets/inbreast/INbreast Release 1.0/AllDICOMs/50997053_ce5e5e18a261cd29_MG_L_CC_ANON.dcm,True,,759638a54a69d243a021eb2c6562acedaea16b67164a90632228638890c36e93,2f0c55cd28e8c64e5a50b1047165592d8574d3b08c70622147d7758d4f7a3367,uint16,3328,2560,0.0,2300.0,675.976806640625,749.28857421875,0.4531238262469952,False
/content/external_datasets/inbreast/INbreast Release 1.0/AllDICOMs/50997080_ce5e5e18a261cd29_MG_L_ML_ANON.dcm,True,,89919d2a6d397459248002b5a56cee093c28defca5a8aebe9e00ffffeb5e61b5,baec72f4f401f1610f25a41f67ace223d858d2e6d77ab6f56364d469ccd138d3,uint16,3328,2560,0.0,2490.0,756.7923583984375,748.6047973632812,0.5120166485126202,False
/content/external_datasets/inbreast/INbreast Release 1.0/AllDICOMs/50997107_ce5e5e18a261cd29_MG_R_ML_ANON.dcm,True,,3637247f6877970867bdc44182145689dfc0faf77f36939fbb8c0a1cc37a4d62,fb37b6e52394747a647d25880f2ff4e348dcc780a0c720c5a1358f6f85a05ea1,uint16,3328,2560,0.0,2765.0,758.9725341796875,756.3464965820312,0.5095881535456731,False
/content/external_datasets/inbreast/INbreast Release 1.0/AllDICOMs/50997134_ce5e5e18a261cd29_MG_R_CC_ANON.dcm,True,,20836cedf9d98228a68002713a8fd49d0b38e1b3fe82677c4ebdeb633cfd1642,bcb9d2c8cedf33a7d6729ea31b75ae3b1261c5d6576cd81ba5a8940720893e7c,uint16,3328,2560,0.0,3063.0,615.831298828125,744.8025512695312,0.41021963266225964,False
/content/external_datasets/inbreast/INbreast Release 1.0/AllDICOMs/50997223_9054942f7be52dd9_MG_L_ML_ANON.dcm,True,,f3ab29741744077e8fad461da4b9c9cc66f9baf30425cdea5e9798c132336c86,4150732d514ab3123cb9a78b8608f151cbe872ea8fabb7040de167e0318688e3,uint16,3328,2560,0.0,3044.0,496.17706298828125,687.2738037109375,0.3520308274489183,False
/content/external_datasets/inbreast/INbreast Release 1.0/AllDICOMs/50997250_9054942f7be52dd9_MG_R_ML_ANON.dcm,True,,daf46f4a1f04e42031892c934868eb6110ed4bafd9a15e78e9a306c92a5d4105,e30508640d0fe8713a8b0b2dab9565f46de01dc870d7880a13a162fe4a838556,uint16,3328,2560,0.0,2375.0,572.37255859375,712.9346313476562,0.40211451603816106,False
/content/external_datasets/inbreast/INbreast Release 1.0/AllDICOMs/50997277_9054942f7be52dd9_MG_L_CC_ANON.dcm,True,,618337e1d175f2300d75585752baa133a1b3410ff565063e1c9169baf154d932,13dec907c1a1100770910278fc7b18623861e0d196db37fdd4848aa715f5610e,uint16,3328,2560,0.0,2430.0,373.5158996582031,637.0277709960938,0.26428363506610575,False
/content/external_datasets/inbreast/INbreast Release 1.0/AllDICOMs/50997304_9054942f7be52dd9_MG_R_CC_ANON.dcm,True,,699aa9d3baa777eb9ed9e6a496802ea1212852fa0cf11f8aae6fc9f595553e42,12c30ed5c751834f4f7bdb14640da72010687e6ca7755f3027ae3a691de0169a,uint16,3328,2560,0.0,2367.0,427.7171936035156,664.7523193359375,0.3028221717247596,False
/content/external_datasets/inbreast/INbreast Release 1.0/AllDICOMs/50997434_97ec8cadfca70d32_MG_L_ML_ANON.dcm,True,,52665aa7b67b96ebec30b2ee061950431cc223a56ecb49e4d09db318f59d9ec4,ac8c09da4f37403338399e550d2c21d84435e3937b3c230812e023b9da476413,uint16,4084,3328,0.0,3274.0,607.8278198242188,729.8495483398438,0.4225293770718752,False
/content/external_datasets/inbreast/INbreast Release 1.0/AllDICOMs/50997461_97ec8cadfca70d32_MG_R_ML_ANON.dcm,True,,695dd5cd9a3899ca3371965e8c02e1b43e6fe875415d6842a40115d499e931de,d1a3a81c3af804dbdcdd4b46f3f15402fc35841e38c4e7cfd2a65797e16baccf,uint16,4084,3328,0.0,2502.0,620.126708984375,742.8341674804688,0.4220259025606494,False
/content/external_datasets/inbreast/INbreast Release 1.0/AllDICOMs/50997488_97ec8cadfca70d32_MG_L_CC_ANON.dcm,True,,7cc2f36fd080875294b803aeb133b2ca91868ab56dc0d35be0771b904f20613a,ffeb722127d633ddc4479314ee9f2474987dc2a99b1546a714b78e151398bbdb,uint16,4084,3328,0.0,2505.0,483.1515197753906,694.8289794921875,0.33643773720617043,False
/content/external_datasets/inbreast/INbreast Release 1.0/AllDICOMs/50997515_97ec8cadfca70d32_MG_R_CC_ANON.dcm,True,,3838eca2590d74d2aebcc26e4f2223ab58827188e12de0c7251ab511f00f7cd9,0b2122d6b05c81a63a2c30ae48b2d4cd70c098bf9deb2421b279232204698b3b,uint16,4084,3328,0.0,2302.0,477.14239501953125,687.8505249023438,0.333354351291155,False
/content/external_datasets/inbreast/INbreast Release 1.0/AllDICOMs/50997597_67cc8c9939d74a9a_MG_L_ML_ANON.dcm,True,,5a80231181ae42f2e3ee8bda8829580d30bec8cdaa436ea283b53c1534836532,73cf4a2d9d1b1cf041b07b58482c8551e35597c075fd1cc214047e8da8f10255,uint16,4084,3328,0.0,2792.0,528.0695190429688,733.0626220703125,0.3469331537708129,False
/content/external_datasets/inbreast/INbreast Release 1.0/AllDICOMs/50997624_67cc8c9939d74a9a_MG_R_ML_ANON.dcm,True,,1b218b19cfe0383f1b3b0573ec3c0ffe5c50625521a12c4ac86aef367ee45d4e,09e2141fb999e232a3e16e21ae10bbba4ed7129e0e6600c366ab32227492bc29,uint16,4084,3328,0.0,3585.0,387.76080322265625,670.3508911132812,0.25812799009266935,False
/content/external_datasets/inbreast/INbreast Release 1.0/AllDICOMs/50997651_67cc8c9939d74a9a_MG_L_CC_ANON.dcm,True,,4972a314f4929e4242e495c9ff3c67b6f02d499e09950460716c88a6534acf26,8df5e81d55e68c7107572ab296d80c5d6dc431fdc2196463f9b47ee580c61518,uint16,4084,3328,0.0,2813.0,437.5330810546875,692.7937622070312,0.28676960511941535,False
/content/external_datasets/inbreast/INbreast Release 1.0/AllDICOMs/50997678_67cc8c9939d74a9a_MG_R_CC_ANON.dcm,True,,ccea4c66a6b72c2935eeaee064ef2e96b2d76be291329b9620b4ff404f1b2018,7691be50eca677d7da49355e4e3e62db7caf42bef597f60a2895b842f6194db2,uint16,4084,3328,0.0,3570.0,310.42333984375,616.8906860351562,0.20302206841426204,False
/content/external_datasets/inbreast/INbreast Release 1.0/AllDICOMs/50997742_cbb6c98a81e69eeb_MG_L_ML_ANON.dcm,True,,317d02285c35fdf37c00b33e86a8f7c50217e592cf331a432316703a41bf904d,cd2cde4c23aa431713ac432728904a6ae8809e5d6c7208f2c11155c8e4ae11f6,uint16,4084,3328,0.0,2596.0,568.2716674804688,737.295654296875,0.38050260926787466,False
/content/external_datasets/inbreast/INbreast Release 1.0/AllDICOMs/50997769_cbb6c98a81e69eeb_MG_R_ML_ANON.dcm,True,,b5a7a748c4c1e9d47928197cdf30578145e4d86560011dbfc74da75ae28da1c4,77e982c822561de47ab997509bcbe1a9db98d8ab97d981e1db252ba7ac0fedd2,uint16,4084,3328,0.0,2428.0,572.1234741210938,744.4598999023438,0.3785474241646576,False
/content/external_datasets/inbreast/INbreast Release 1.0/AllDICOMs/50997796_cbb6c98a81e69eeb_MG_L_CC_ANON.dcm,True,,f37788dccf02d775fa12ad10e8d5b668fe3397be41bcaa57558ab538733cc07a,f7cbbff990af84ab2e9fc741d7972f51e4a3c858a7ce0edaeb01cfd7f099e9bd,uint16,4084,3328,0.0,2250.0,403.182861328125,668.2771606445312,0.268922930950049,False
/content/external_datasets/inbreast/INbreast Release 1.0/AllDICOMs/50997823_cbb6c98a81e69eeb_MG_R_CC_ANON.dcm,True,,0bbcc58b62ebde3c09e451b082db9b096a95e559bc9f401c14ddc3c79c0db3c2,d86c289c7bfb63660114eb3ea5b43b23a7435a3aa4f7331fd5d1cbcfea236056,uint16,4084,3328,0.0,2307.0,385.8580627441406,656.472412109375,0.25909822513278835,False
/content/external_datasets/inbreast/INbreast Release 1.0/AllDICOMs/50998032_66adfbb4f19c76d2_MG_R_CC_ANON.dcm,True,,7fdff9d8c7ec4450e831ab71ab8f76fb2d7bb75273a596440417e979735d7a51,0a2cd7fe3d7f67437f8224d1cad31ad1f5a796e16b3acb6291a1db3850a6c90a,uint16,3328,2560,0.0,3307.0,456.6304016113281,683.0037841796875,0.31423809344951925,False
/content/external_datasets/inbreast/INbreast Release 1.0/AllDICOMs/50998059_66adfbb4f19c76d2_MG_L_ML_ANON.dcm,True,,4a00d5104c8a7c80c9ecfa65782c1b3497ef2fbe5507be4d774f7e2d73cae2b2,b1d84ac0620d9fc1f3f03f12bead64357b630fe4d1928bea0980ec8b86830862,uint16,3328,2560,0.0,2666.0,564.7490234375,696.48583984375,0.4049519465519832,False
/content/external_datasets/inbreast/INbreast Release 1.0/AllDICOMs/50998086_66adfbb4f19c76d2_MG_R_ML_ANON.dcm,True,,f41ea4d33109eb77af046a2cf3e26dbc138997eede0c2570fab6ef2ac6ad5093,c9b4abc4e75e4391ef689514a910164363518c862a771c0d12801ed49ab4ecbe,uint16,3328,2560,0.0,3250.0,599.8472290039062,728.9859008789062,0.4109565147986779,False
/content/external_datasets/inbreast/INbreast Release 1.0/AllDICOMs/50998113_66adfbb4f19c76d2_MG_L_CC_ANON.dcm,True,,c2bcb3d727fed6d491abfd8d107c34ce417ff73b07758935d32a2d0801fb6a83,c280910c9f1a3e0e0f627be364aa986bff93f0a8282321a69faf3c13c6fa7eaa,uint16,3328,2560,0.0,2722.0,491.85211181640625,695.6426391601562,0.3384721022385817,False
/content/external_datasets/inbreast/INbreast Release 1.0/AllDICOMs/50998177_f34ee0ab6591b792_MG_L_ML_ANON.dcm,True,,6e9c575ea3fb246cbe7ccf0ffc2a4ceee5e63eadbad0d6bb4aea4b3fc4b8d85e,a59c2b942a694a11029715ca7ece03b6997e5782875f5aa2d91184498072252f,uint16,4084,3328,0.0,3197.0,545.8211669921875,743.7799682617188,0.3572827444577337,False
/content/external_datasets/inbreast/INbreast Release 1.0/AllDICOMs/50998204_f34ee0ab6591b792_MG_R_ML_ANON.dcm,True,,8253ad85f4bdc2400e4d78e56810489729c9c864d25398b99b8a4d849cecaa7d,f9a4ae6a3da3aa6f1329b4be180bc9f82a955e9e74f947904bbf245697e51c12,uint16,4084,3328,0.0,2660.0,540.9229125976562,742.4201049804688,0.35648416016066453,False
/content/external_datasets/inbreast/INbreast Release 1.0/AllDICOMs/50998231_f34ee0ab6591b792_MG_L_CC_ANON.dcm,True,,f1e410453a60a1fe314ba3bd3ae226ea8593ba223c30b69f60f35fce519a7d8c,ef735d2d1ae7d7aa089a4cf3895bc9057ccd2df7c07d03f44436249c12272520,uint16,4084,3328,0.0,3417.0,434.29071044921875,681.2406616210938,0.2926961541993144,False
/content/external_datasets/inbreast/INbreast Release 1.0/AllDICOMs/50998258_f34ee0ab6591b792_MG_R_CC_ANON.dcm,True,,4afd67fb2db306d625d036fd617490365fca285918bd260a26d5622b7d7a8ae8,f713bbd22006139ecde8e8b2e202f955aef4d809008fb06f87b453964e3934c7,uint16,4084,3328,0.0,2446.0,439.11041259765625,684.525390625,0.2957068479008137,False
/content/external_datasets/inbreast/INbreast Release 1.0/AllDICOMs/50998322_1e4b534393d18753_MG_R_ML_ANON.dcm,True,,f9faacf26f8da62b387e5b37befc58fe148fb158ce956873d439f6aea490a194,9dfb7ffdc6f51c99894b2542c57443083392a614077d58e1724c8cfc684ac0a4,uint16,3328,2560,0.0,2386.0,635.0171508789062,737.8139038085938,0.4375394381009615,False
/content/external_datasets/inbreast/INbreast Release 1.0/AllDICOMs/50998349_1e4b534393d18753_MG_R_CC_ANON.dcm,True,,67a3c6629da5d690d7f5f25fcee83318ee82e2cd9f9221dc494a468832d5c2b2,f8addb7ee2d1e1880747d37bd4aca56e81c10eb6feb17d0ae60da115a7c18e41,uint16,3328,2560,0.0,2034.0,286.52301025390625,590.3737182617188,0.19263153076171874,False
/content/external_datasets/inbreast/INbreast Release 1.0/AllDICOMs/50998413_1f139436acfc5467_MG_L_ML_ANON.dcm,True,,a166c5ef159535c5ae219ff0624b19ef64c738e5890382c7160c857b00c31f76,7d21f473fb0d74bb455373dc68b9a3a2d343e5c603359badc438b83be5b474d8,uint16,4084,3328,0.0,3390.0,474.8675842285156,702.7055053710938,0.3196001457375876,False
/content/external_datasets/inbreast/INbreast Release 1.0/AllDICOMs/50998440_1f139436acfc5467_MG_R_ML_ANON.dcm,True,,c7a0975b0d3d3f5df214225258e152e3b5c62b98894392af7efe853c72d52bdd,237eb0c7b08c951fb0c443613a6d6d762f85f0ff1c444f130f28fc9915e472a4,uint16,4084,3328,0.0,3053.0,506.7358093261719,718.0567016601562,0.3423220541701198,False
/content/external_datasets/inbreast/INbreast Release 1.0/AllDICOMs/50998467_1f139436acfc5467_MG_L_CC_ANON.dcm,True,,9aedbdd20a5bf699ebc0dc2d619a7289584d09cbb8beae8915a3a18c2ec52978,7ea334a2a2e578a847d7a965c0613c8247130c6986cee2e5d689b70548511c3b,uint16,4084,3328,0.0,2770.0,354.36944580078125,635.2857666015625,0.24153518303134183,False
/content/external_datasets/inbreast/INbreast Release 1.0/AllDICOMs/50998494_1f139436acfc5467_MG_R_CC_ANON.dcm,True,,25daf7aeb2ea8b50bf52f6940f7c3953998774cc8afafc296e0c692c5872e501,4f0edbd600478989a7a784afc16a0650f20263cf1c16c9f99ec3909ab19b866c,uint16,4084,3328,0.0,3782.0,381.95013427734375,652.3739624023438,0.2595749183021924,False
/content/external_datasets/inbreast/INbreast Release 1.0/AllDICOMs/50998580_cd12bc20b3d27d0b_MG_L_ML_ANON.dcm,True,,f75de4c4dbad3e4c2e32c81d478fb26a74829ed7c38ebb231d4cb2ba61222f55,0a8632c58d9e8ab5ca4fb44f50c0731e24f79e09cab57f8769eac645e9827244,uint16,4084,3328,0.0,2593.0,436.26165771484375,685.0580444335938,0.2966269047125744,False
/content/external_datasets/inbreast/INbreast Release 1.0/AllDICOMs/50998607_cd12bc20b3d27d0b_MG_R_ML_ANON.dcm,True,,429f174ae65ea538e37b1395194312e4ef2205fda51291211cae6446dd5d1d3f,7c8c1591fcf870eb336c7392e1798178e239fce2cf7c6c64cab1674e861be55b,uint16,4084,3328,0.0,2248.0,440.20556640625,686.7543334960938,0.2991364783065245,False
/content/external_datasets/inbreast/INbreast Release 1.0/AllDICOMs/50998634_cd12bc20b3d27d0b_MG_L_CC_ANON.dcm,True,,644fa73cce386d0e6a8b5ba50915a6bda3249babd6639c66fdb0449b6469f115,5fa44d3cf301634bedc69d8f315d452203704a14382b4818f7e0db0cf1683a87,uint16,4084,3328,0.0,2233.0,302.62200927734375,597.5025634765625,0.20776023223837867,False
/content/external_datasets/inbreast/INbreast Release 1.0/AllDICOMs/50998661_cd12bc20b3d27d0b_MG_R_CC_ANON.dcm,True,,405dbba7d9119045b9c73648592b5cb61bfb0ac65f2cbaee07435b8f64b13184,1051d777db58c5960c807cbf972935442758d5ac49cd69967ed6aa3f6a8077c9,uint16,4084,3328,0.0,2283.0,315.0705261230469,602.7999267578125,0.2187700860063663,False
/content/external_datasets/inbreast/INbreast Release 1.0/AllDICOMs/50998981_a78eba834ef6ee88_MG_R_ML_ANON.dcm,True,,9d62f9ad6b081662beae916cb36f1d414219d2b70133533738017e17168b4d90,12273bb95692bf1ebd144a8fd9f0258e85e79bde5c36a648c3570b578e5e0e97,uint16,3328,2560,0.0,2481.0,274.27850341796875,620.3113403320312,0.16666764479417068,False
/content/external_datasets/inbreast/INbreast Release 1.0/AllDICOMs/50999008_a78eba834ef6ee88_MG_R_CC_ANON.dcm,True,,830912c3c32b01d05801596f1dd4df11d8d0c8c87337f7560bf07fdcb5271de5,68de1f005f136a08aaf3cecd5d88fc9ce7e2068e665ba8a78554741839171aa9,uint16,3328,2560,0.0,2398.0,147.30824279785156,459.2590026855469,0.09419262225811298,False
/content/external_datasets/inbreast/INbreast Release 1.0/AllDICOMs/50999094_cb65e8dac169f596_MG_L_ML_ANON.dcm,True,,21879451ed155f29abbf3a8faa92866c85f9d6721df9af544122f3d8595b6aac,777cde38914c36c703c64d8855c60e4fd84dfb395b5c2d6eca6aa6640df7bde5,uint16,3328,2560,0.0,2781.0,346.11529541015625,605.5530395507812,0.2527734609750601,False
/content/external_datasets/inbreast/INbreast Release 1.0/AllDICOMs/50999121_cb65e8dac169f596_MG_R_ML_ANON.dcm,True,,6a9b79517152fb479a6178ef94ec17bca4b6eb56bc9a02f0fbc08ed9baca3230,7d3a368db87de28ef355208aa803f45c783a5e174fe5f355b274097be635b458,uint16,3328,2560,0.0,2084.0,469.8016662597656,667.877197265625,0.3370708759014423,False
/content/external_datasets/inbreast/INbreast Release 1.0/AllDICOMs/50999148_cb65e8dac169f596_MG_L_CC_ANON.dcm,True,,fc55e9f9262bced7ee6159d1202fc06f4c27747bbb56f338cd2a9c09f2cbcf21,655d314f7c09067f6109ad5c6312afdcda659aff2de9059eced713c02821ee59,uint16,3328,2560,0.0,2242.0,314.2838439941406,602.3062744140625,0.21836137038010817,False
/content/external_datasets/inbreast/INbreast Release 1.0/AllDICOMs/50999175_cb65e8dac169f596_MG_R_CC_ANON.dcm,True,,9e7a457f35fa129d04a698e68adb60b7676e096f8866a9fdcc46b3ff83f6ac4e,6f4d9e8c6fe41508c9cfcb72e34e39e483bf5faf35722415fc8ee732137fc91c,uint16,3328,2560,0.0,2342.0,370.0039978027344,635.5606079101562,0.2579344529371995,False
/content/external_datasets/inbreast/INbreast Release 1.0/AllDICOMs/50999246_cb65e8dac169f596_MG_L_ML_ANON.dcm,True,,5825d0e0139b0b98f24c54955b496d4785f05856a3db6c51f82021897fe58953,a4d011c8a2d48aef73fc422b31a417431ad3d39e8edfd2d861dc16407cedda8a,uint16,3328,2560,0.0,2240.0,433.48468017578125,655.75390625,0.3100029578575721,False
/content/external_datasets/inbreast/INbreast Release 1.0/AllDICOMs/50999273_cb65e8dac169f596_MG_R_ML_ANON.dcm,True,,71be1d7e28e28149ada2a1a047434e004f46954d0a5f79db62285c87f27bbe61,6558cbdaccffb447cd807ebf039cb728e013349c8ee20473d18dbf35470a3b97,uint16,3328,2560,0.0,2091.0,528.3373413085938,703.2965698242188,0.3677471454326923,False
/content/external_datasets/inbreast/INbreast Release 1.0/AllDICOMs/50999300_cb65e8dac169f596_MG_L_CC_ANON.dcm,True,,fc253269220e72b0c15680706f73eb98682141cef69edae90397ea64d84549aa,344992ee68aa048e6edc7275135b785a9f8072e6df4d8041d92079122d39bb33,uint16,3328,2560,0.0,2235.0,350.4147644042969,629.037109375,0.24046173095703124,False
/content/external_datasets/inbreast/INbreast Release 1.0/AllDICOMs/50999327_cb65e8dac169f596_MG_R_CC_ANON.dcm,True,,348c63845ede661459aad1191cc295500cf6f3f8bdc4d19a3ae6b933c85ce7b0,3c3a4be7557e04dc5d588fcdb4da985482b61dd34718d328226523d34726ab6e,uint16,3328,2560,0.0,2139.0,367.0999450683594,635.1815185546875,0.2543115469125601,False
/content/external_datasets/inbreast/INbreast Release 1.0/AllDICOMs/50999432_f62fbf38fb208316_MG_L_ML_ANON.dcm,True,,d0d26ef74d981703c451322caeec299563140978301270dee928f71cdb038a3f,52d2be100476d47de640b727b7ec2dce1b28d21d9bdc3bd39d42cb389c9f2f31,uint16,4084,3328,0.0,3723.0,505.0663757324219,723.8131713867188,0.33519137475985084,False
/content/external_datasets/inbreast/INbreast Release 1.0/AllDICOMs/50999459_f62fbf38fb208316_MG_L_CC_ANON.dcm,True,,f5bce57e4813473c07fe97f8edd85d3f42ab8233a99133fcde10096bbafd1900,a77e25f34e5e43fae30579fef9d40cdc8fc9533727258f3222dcf332c554bde3,uint16,4084,3328,0.0,2594.0,410.2005615234375,678.7014770507812,0.27123223308125516,False
/content/external_datasets/inbreast/INbreast Release 1.0/AllDICOMs/51048738_3f22cdda8da215e3_MG_R_ML_ANON.dcm,True,,2d4f11d14ece5f2d8c84b8a7f596e7dd26b7f069c136c04e23f895bff1d5c87b,0182ae399c1987fb57151c9a64c76ae6cbc126a6f54043de2162990595d2774e,uint16,3328,2560,0.0,2269.0,645.5453491210938,725.7975463867188,0.4517186091496394,False
/content/external_datasets/inbreast/INbreast Release 1.0/AllDICOMs/51048765_3f22cdda8da215e3_MG_R_CC_ANON.dcm,True,,40c632c6c25117b7d1733eccc34f46892f037d5ed4cf7c5091c7d7b00aa4427b,48364ecc3685d3928f4c6a94ba5d4da69acb27721acae35d3821da84cbda48f4,uint16,3328,2560,0.0,2455.0,459.67755126953125,675.7861328125,0.3233149601862981,False
/content/external_datasets/inbreast/INbreast Release 1.0/AllDICOMs/51048891_f3e93e889a7746f0_MG_L_ML_ANON.dcm,True,,2ea30db734956297eca3a15019fcfc1ed10cc3ce1a23bf5fbf6aa0a466317857,60840aa35b293b002808f27a0f42b386f2f95dbf8ef755251d955594e392a173,uint16,4084,3328,0.0,2669.0,564.2001953125,730.1980590820312,0.3838430666343329,False
/content/external_datasets/inbreast/INbreast Release 1.0/AllDICOMs/51048918_f3e93e889a7746f0_MG_R_ML_ANON.dcm,True,,88cc19c4d17639a1f0516b30056e871b8ea84bbfb2e2810c93c15e248249acb0,89d369df426556c192c86fb4ae8c3044c3da3f5e6ce47e0d3a848d96683f9b72,uint16,4084,3328,0.0,2422.0,575.4591064453125,730.6625366210938,0.39298815911530927,False
/content/external_datasets/inbreast/INbreast Release 1.0/AllDICOMs/51048945_f3e93e889a7746f0_MG_L_CC_ANON.dcm,True,,e356b4a99a57d4f28ebd7be571292db677bd22ed67ddfd5ad406df26c12ce909,ef1315e1c7c4ebf987c447048783e1d7ce6bd1ac8885280e30f7852e5155847d,uint16,4084,3328,0.0,2998.0,501.1708679199219,712.6160278320312,0.3375387888005726,False
/content/external_datasets/inbreast/INbreast Release 1.0/AllDICOMs/51048972_f3e93e889a7746f0_MG_R_CC_ANON.dcm,True,,718e1147106ec30774d972297df4854d204a1c8a7bc3de962451b166e33107e0,f4499f1a1637da4c936d7769a85fb64fd836fcc2719de3517babc452ff414e9a,uint16,4084,3328,0.0,2489.0,458.81439208984375,685.419189453125,0.3162849982106532,False
/content/external_datasets/inbreast/INbreast Release 1.0/AllDICOMs/51049053_8c105bb715bf1c3c_MG_L_ML_ANON.dcm,True,,233e674f92b0c337dc46576ccc3fc5272d27ede629d4f5af4cb5ff75cef0af4b,d9995d566d97ed11f0642d8801c6c2daee32e4cb10dc7441c6ca4b9cbb33ccdf,uint16,4084,3328,0.0,3372.0,586.3685913085938,743.0364379882812,0.3930383373436676,False
/content/external_datasets/inbreast/INbreast Release 1.0/AllDICOMs/51049080_8c105bb715bf1c3c_MG_R_ML_ANON.dcm,True,,091ab4964e5f9d5434a8dc6819f6e1ab1cf864d5a81545de93af35a76add376e,d84a11735f05d971576d05f6bc2fba895cda522f703ea7ba41cd03b451e8a1b2,uint16,4084,3328,0.0,2818.0,615.4786987304688,737.7496337890625,0.420448304947073,False
/content/external_datasets/inbreast/INbreast Release 1.0/AllDICOMs/51049107_8c105bb715bf1c3c_MG_L_CC_ANON.dcm,True,,643a1a440b3582143b1b4efc02ba4c343ddd40fbdc211b3301d7f4066960f46d,66aecbe5bb20ffc58335466d5db38761f353d5f2dc12e39d16961741ac1e4535,uint16,4084,3328,0.0,3463.0,438.99786376953125,678.7486572265625,0.2995704979092895,False
/content/external_datasets/inbreast/INbreast Release 1.0/AllDICOMs/51049134_8c105bb715bf1c3c_MG_R_CC_ANON.dcm,True,,049fe7b921e8c0a1399400cddef0b40b16f901ecf9ffe7d1a4e3847c03d68470,5d77bc5df84116adfa9e15af7336db3bdb85bdf7af17a3830ede7a31796880c0,uint16,4084,3328,0.0,2929.0,513.96044921875,709.19384765625,0.34934619681402096,False
/content/external_datasets/inbreast/INbreast Release 1.0/AllDICOMs/51049249_832ebce700241036_MG_L_CC_ANON.dcm,True,,3d31e78b44f058c280bca9e54f491064ddaab85f732ba8abe3f328a810aa0d6e,8c7641b6f84a25bc1c84d62664be694a5d58d19cb29ff0872113d43794dcb7a0,uint16,4084,3328,0.0,2792.0,356.7740783691406,636.1015014648438,0.24353002512148722,False
/content/external_datasets/inbreast/INbreast Release 1.0/AllDICOMs/51049276_832ebce700241036_MG_L_ML_ANON.dcm,True,,07a8de886a03f199bb93ee2c753b98da730f56f70826693ab98d835660017e63,e775e6969b202bfad83392db26b3c306e733213577f128519ddef06dd97c615e,uint16,4084,3328,0.0,2815.0,452.56414794921875,684.7068481445312,0.3108963567957508,False
/content/external_datasets/inbreast/INbreast Release 1.0/AllDICOMs/51049462_6f64793857feb5d0_MG_L_ML_ANON.dcm,True,,4d678f52469d11f9f5a7fa53e3bc0870b0382ea25b2866dd36927b68c2a65422,e4060b203e0fb6d7c04aef545fbe9c062ec9b55bbdf21727299c4e62b349d64c,uint16,3328,2560,0.0,2355.0,602.6615600585938,711.2974243164062,0.42859391432542066,False
/content/external_datasets/inbreast/INbreast Release 1.0/AllDICOMs/51049489_6f64793857feb5d0_MG_R_ML_ANON.dcm,True,,7033cbc7a17037b7656272a5e1448c7c384b1d32ad32c298419b94a2d45e80c9,8cc14de86a2f20286f4f5b972e973af07adba2e88cf2092253ab3d1d7f9b498e,uint16,3328,2560,0.0,4092.0,523.0130004882812,693.68505859375,0.37226585975060095,False
/content/external_datasets/inbreast/INbreast Release 1.0/AllDICOMs/51049516_6f64793857feb5d0_MG_L_CC_ANON.dcm,True,,85b64bec40ae8de2594522e163053166dbdbb8ebcdb32a781e0bb8f394addca6,9cb406f26c796ca58834f9c778c8aefa18b812b50fe861d7570a78e99ffd2ea8,uint16,3328,2560,0.0,2429.0,446.66302490234375,669.3445434570312,0.3149523221529447,False
/content/external_datasets/inbreast/INbreast Release 1.0/AllDICOMs/51049543_6f64793857feb5d0_MG_R_CC_ANON.dcm,True,,27836d5c8391a2b91e65f400191fc1bb9910badae636f897bd8f885275280a5f,29da732c34c2d29c6c2ceafe8bfa0eb68a21b37e05ff1bb02647b9fc3da71877,uint16,3328,2560,0.0,4095.0,404.6871337890625,653.0899658203125,0.28416536771334133,False
/content/external_datasets/inbreast/INbreast Release 1.0/AllDICOMs/51049628_6f64793857feb5d0_MG_L_ML_ANON.dcm,True,,4e8ea41e65e9474a8916fce2cb12d389de7ece3bc85e8870e1b42b423f854c76,117d942273934f0cb80dec1c2a690c1638cdcec052176bb0d141e073dda2058e,uint16,3328,2560,0.0,2758.0,599.046875,708.0665893554688,0.4288886437049279,False
/content/external_datasets/inbreast/INbreast Release 1.0/AllDICOMs/51049655_6f64793857feb5d0_MG_R_ML_ANON.dcm,True,,5f1920238c8a9259833ec47e0cdf6eb1e656b8cd9512f0e313d9ea8b0444e418,130911a1512339358e7a7dbfb17b005256fced164f3f5c16a584a7fcea56a0e7,uint16,3328,2560,0.0,4070.0,639.6304321289062,741.9971923828125,0.44007908747746394,False
/content/external_datasets/inbreast/INbreast Release 1.0/AllDICOMs/51049682_6f64793857feb5d0_MG_L_CC_ANON.dcm,True,,478baef4b65d48c9654d2c3634bd64d64d84cdc115a5bbf06c1b6938ed6523a7,f1646e0e5f354ca66ef903247b630cca4141a523b36cb6d41f1990503a45654d,uint16,3328,2560,0.0,2377.0,434.9479675292969,664.0509643554688,0.3070421659029447,False
/content/external_datasets/inbreast/INbreast Release 1.0/AllDICOMs/51070197_6f64793857feb5d0_MG_R_CC_ANON.dcm,True,,fb082a6d48d5dca8b68c1b4e1831cab759bb193a00b88916cfea567bba29e066,e6c520de7100c9d45db56849ea40bb3f8e4323926c865780c74bd20136d91ecc,uint16,3328,2560,0.0,4095.0,392.30706787109375,646.9143676757812,0.27556175818810097,False
/content/external_datasets/inbreast/INbreast Release 1.0/AllDICOMs/53580611_40e22f2e3215b954_MG_L_ML_ANON.dcm,True,,a5201ec18160b40c7ff95469d88370bef89184348311ed415088e325245eb7d8,a42ed243c08db3e81500765ca1f2ed2639c13e0cf4eb175053b64ea3b275f794,uint16,4084,3328,0.0,3138.0,574.985107421875,722.1058959960938,0.39659010244010395,False
/content/external_datasets/inbreast/INbreast Release 1.0/AllDICOMs/53580638_40e22f2e3215b954_MG_R_ML_ANON.dcm,True,,bc9812851f3842cc2137e686b080ef4b3815c5de92bc10fdb75cf8cd11531077,8afdea197590efd6b8266aac5fccdd73e79ccc104a1a13032998f4865520f5cb,uint16,4084,3328,0.0,2548.0,615.359375,753.3480834960938,0.4102908188851428,False
/content/external_datasets/inbreast/INbreast Release 1.0/AllDICOMs/53580665_40e22f2e3215b954_MG_L_CC_ANON.dcm,True,,8236ada6c051d7412d21a0bbb62ecbfbe07e7111fb680dfd04c0f943d1785ace,0348900ef642b510b2ceb1b3d6647e3c7a94dd8af7bcaad97246b440100e2cc7,uint16,4084,3328,0.0,2338.0,467.3764343261719,693.1184692382812,0.31697424988698863,False
/content/external_datasets/inbreast/INbreast Release 1.0/AllDICOMs/53580692_40e22f2e3215b954_MG_R_CC_ANON.dcm,True,,8d2b5baea0d2773e5b7045893166e5f85d0d208f1ed7dc55868141378040be8d,a3b0e17a9850de70484ce314ed40d07f7bc1a4aa4593d534aafc5172a9e09ec0,uint16,4084,3328,0.0,2201.0,441.45513916015625,679.2449340820312,0.3016195648591125,False
/content/external_datasets/inbreast/INbreast Release 1.0/AllDICOMs/53580804_51bec6477a7898b9_MG_L_ML_ANON.dcm,True,,8cef69dad4922eb32887556ce14a541b50995be41e4694e75a6b1a4621c70269,5edd413679c06ae40bd1ed2e5f43916b6bf09fefe46aad7feb594a11cdfa1c60,uint16,4084,3328,0.0,2706.0,519.8133544921875,707.56103515625,0.36183365961444286,False
/content/external_datasets/inbreast/INbreast Release 1.0/AllDICOMs/53580831_51bec6477a7898b9_MG_R_ML_ANON.dcm,True,,fe4f6d92bf1c88e8e9de70cfb759efc1dcedf9bedc7c4d61708972949970c7b6,932fe5713cb137038b6d3c927425b852ba70cdc7aec6712512716886b954d33b,uint16,4084,3328,0.0,2818.0,515.8660278320312,706.0294189453125,0.36192592280852104,False
/content/external_datasets/inbreast/INbreast Release 1.0/AllDICOMs/53580858_51bec6477a7898b9_MG_L_CC_ANON.dcm,True,,db27459a1f0175bf88c9cc67d6d9b90a6442fedb06d619205a56b317a7570a7a,5afb6f3e910436b78e791fb7184636b16372445782842bf0aaec9abac8fbf927,uint16,4084,3328,0.0,2254.0,376.4848937988281,641.4823608398438,0.2603516507901379,False
/content/external_datasets/inbreast/INbreast Release 1.0/AllDICOMs/53580885_51bec6477a7898b9_MG_R_CC_ANON.dcm,True,,a795e9dfeadaa246a898d2443ebace8b09614954e2af0026d210175bcc5d2071,66e6db0394dc805cd93531036907259b0e20c6de6dea212ec02db20b07512c9c,uint16,4084,3328,0.0,2709.0,367.7008361816406,637.2100830078125,0.2541255774175017,False
/content/external_datasets/inbreast/INbreast Release 1.0/AllDICOMs/53580979_4c341dad22471922_MG_L_ML_ANON.dcm,True,,7d8d6b2e54f96bf8acb9353921235a6652063bdbaafe08fcb1b4d772ca98f7ca,fc65060a575b07435a9673b5cdce9c14b279ebeea1f275319682b817d73c2e0b,uint16,3328,2560,0.0,2222.0,454.7474670410156,672.2500610351562,0.31979769193209134,False
/content/external_datasets/inbreast/INbreast Release 1.0/AllDICOMs/53581006_4c341dad22471922_MG_R_ML_ANON.dcm,True,,81fc6c4b62091a7406d64e04b4e8db968ade5d58bfbd7c8da03532152f6c1b6a,9856d769cc230dd08896297b2ce2c836106c639770fabd89877042260660decf,uint16,3328,2560,0.0,2271.0,436.99566650390625,666.0062866210938,0.30744793231670675,False
/content/external_datasets/inbreast/INbreast Release 1.0/AllDICOMs/53581033_4c341dad22471922_MG_L_CC_ANON.dcm,True,,f7b77c26f7c103165ff71ecb783036c1e6c72eaeaee367f937f42c14fe9eb325,4f8c325a139b14092842c5171110e72807cc1f724dccb58cf4c4f07710f4c149,uint16,3328,2560,0.0,2215.0,392.9136047363281,649.3568115234375,0.2734285794771635,False
/content/external_datasets/inbreast/INbreast Release 1.0/AllDICOMs/53581060_4c341dad22471922_MG_R_CC_ANON.dcm,True,,3be9ecb0411c5a5c3b297757c7c3f648785a0b0d51606498f21984f845316e8b,57ca4825f49897a243f4f400fe259dc3f8d232f9c14d67dd96d76f4af07ed8fd,uint16,3328,2560,0.0,2222.0,373.10333251953125,635.5462036132812,0.26157696063701924,False
/content/external_datasets/inbreast/INbreast Release 1.0/AllDICOMs/53581124_3be876aecfaad4ca_MG_L_ML_ANON.dcm,True,,6946d0691870a563d055dd0336ebe022707a0b33338cbb2ff3c78ed2fe4fa5bc,9c590cc193968946fdfcc8fe21cdac518ae2471d69524c42fd11697ef20ba0a3,uint16,3328,2560,0.0,2270.0,408.0035705566406,643.380859375,0.29437842735877406,False
/content/external_datasets/inbreast/INbreast Release 1.0/AllDICOMs/53581151_3be876aecfaad4ca_MG_L_CC_ANON.dcm,True,,4fdec18e74f1c0e98111bdf286cbfd0068f4a9567c5e36b76ec9353b37e8c3bc,57b02bd22c318ecbec21a55a113434897481706e3349fd81db4a58e8979dae72,uint16,3328,2560,0.0,2450.0,264.95941162109375,554.15771484375,0.1915611853966346,False
/content/external_datasets/inbreast/INbreast Release 1.0/AllDICOMs/53581237_80123a24997098dc_MG_R_ML_ANON.dcm,True,,a96c8cb8895a488e281ae93fc3f17a6af3b1420d576504dd36f9d22dcd1cdd61,1e7a01b2f2443edd6727bd2509e59a3a869a5f6b8071b9651d1cf433debc1ce3,uint16,3328,2560,0.0,2617.0,675.2965087890625,769.52734375,0.44464240440955527,False
/content/external_datasets/inbreast/INbreast Release 1.0/AllDICOMs/53581264_80123a24997098dc_MG_R_CC_ANON.dcm,True,,3e4637d535955eb237473dc44b6f15ec88ff064b9e17ef6bf20df1d2b9469bc8,b8c80fad0a9c3f00bb5cb9951fc79d7baa4d0bc292962ecb58f7503668712340,uint16,3328,2560,0.0,2630.0,477.4609680175781,697.669189453125,0.3258110633263221,False
/content/external_datasets/inbreast/INbreast Release 1.0/AllDICOMs/53581379_b231a8ba4dd4214f_MG_L_ML_ANON.dcm,True,,12614baae3bde99791f6f42416adee85c66a099133a983712a45cfe6298c01e0,c5392d2971b603bf2d1174c2e533950ec36e6ea50f4979148eba243ae5879ddb,uint16,3328,2560,0.0,2340.0,699.2600708007812,760.708984375,0.4697803203876202,False
/content/external_datasets/inbreast/INbreast Release 1.0/AllDICOMs/53581406_b231a8ba4dd4214f_MG_R_ML_ANON.dcm,True,,ac0ac6d79ce866060fa5d581391220a1fcbe322f211455138b4c58ff47aed931,e4c9dd419691ce3a40993e1c0f3d0bb618d6cce14afbb80cc8cde02839e9a638,uint16,3328,2560,0.0,2365.0,662.3934326171875,771.8096923828125,0.43457958514873796,False
/content/external_datasets/inbreast/INbreast Release 1.0/AllDICOMs/53581433_b231a8ba4dd4214f_MG_L_CC_ANON.dcm,True,,87e66816865bba44f81b8f75e002539c1cf70b635d5e43297480605f767923ae,81b96efb2f49e00eb424c85116898494cf9563e7c9b436ebea28d81a14c3b5a5,uint16,3328,2560,0.0,2269.0,499.9411926269531,703.3939819335938,0.3393876295823317,False
/content/external_datasets/inbreast/INbreast Release 1.0/AllDICOMs/53581460_b231a8ba4dd4214f_MG_R_CC_ANON.dcm,True,,e92a1aa56da7373f70c947d645c09f7aa539ad22bab1d0cbece34280bed3cde4,d046f996d6d5d41751db48d536b69a10360b9a3568f7e976df0f2fe46804fb36,uint16,3328,2560,0.0,2433.0,441.3335876464844,685.0484008789062,0.2962894146259014,False
/content/external_datasets/inbreast/INbreast Release 1.0/AllDICOMs/53581769_573747ee33ef6e5a_MG_L_ML_ANON.dcm,True,,2f2343876dd186b5b631bc7c6ecba20b960f5e59b2d60e39e530551e270f5018,e225392b325a674da633641b450abe12e349570699668acf6b48251cf9237d77,uint16,3328,2560,0.0,2167.0,483.8166809082031,706.5884399414062,0.32467803955078123,False
/content/external_datasets/inbreast/INbreast Release 1.0/AllDICOMs/53581796_573747ee33ef6e5a_MG_L_CC_ANON.dcm,True,,df8d6a6578eb20c0953173826d29a212144bb2f322aad4372b400bef96e68c11,4a2f124f96326d74516c8a53ac9284c7f4529815bfeda7f73534345599fefa3c,uint16,3328,2560,0.0,2748.0,329.88726806640625,620.70947265625,0.22266998291015624,False
/content/external_datasets/inbreast/INbreast Release 1.0/AllDICOMs/53581860_21e6cc12630e5e9f_MG_L_ML_ANON.dcm,True,,18407466b639831dec418f6bb9f9f40b72d93f8f500308368d2fb19e219b092c,852d6acf1be24de5c3e4928d7000619b633e27145bd440d7b35915d25ea9d6a2,uint16,3328,2560,0.0,4095.0,347.74896240234375,618.2600708007812,0.2464374248798077,False
/content/external_datasets/inbreast/INbreast Release 1.0/AllDICOMs/53581887_21e6cc12630e5e9f_MG_R_ML_ANON.dcm,True,,e1c59e989bdbf065c06317eaa6feaead64fee0e56ff728ba6e4e73d5fcc6b040,8f4ab86ff342b50dec0ffefac39a0bb013022f183447ba718e594962d56643a0,uint16,3328,2560,0.0,3398.0,423.7103271484375,673.0883178710938,0.28932518592247597,False
/content/external_datasets/inbreast/INbreast Release 1.0/AllDICOMs/53581914_21e6cc12630e5e9f_MG_L_CC_ANON.dcm,True,,4be3ca6eab03da0f2e2af3425e02b95fdb5dff90d7ae70e8c757776b853c3ee1,ad2940139412ffdf32fe61f170b7ba44eeb8b198bafc8671efc68af706b7a38f,uint16,3328,2560,0.0,2337.0,255.35597229003906,564.843017578125,0.17292163555438703,False
/content/external_datasets/inbreast/INbreast Release 1.0/AllDICOMs/53581941_21e6cc12630e5e9f_MG_R_CC_ANON.dcm,True,,6dc7e0b6f2195e63f34484f88e38c7856f24687a97e2fb4f5057885d8c600e3d,e491dff1d08d2a05f1d4ebeadd7ba24cd0311aa9f5ce0cf588aeb42681c2af9e,uint16,3328,2560,0.0,2331.0,317.56329345703125,616.3988647460938,0.21329017052283653,False
/content/external_datasets/inbreast/INbreast Release 1.0/AllDICOMs/53582304_8913a7e0cf3bd74e_MG_R_ML_ANON.dcm,True,,adb851e643c9c62729f6492bdf30fc25c1f63f0af2278f68d04cffaf70519c0d,58a54f92dba2bd6507b0f02085c6cd05b36e3877018a2047953b74703f1d54f7,uint16,3328,2560,0.0,2301.0,630.3114013671875,749.5743408203125,0.4214888352614183,False
/content/external_datasets/inbreast/INbreast Release 1.0/AllDICOMs/53582331_8913a7e0cf3bd74e_MG_R_CC_ANON.dcm,True,,452162cfcdd975be57f7c407442b79c1d1b20148c54c6d355092eeec8c6fdbac,0431f1852d6ffd9d411bedd08cddbdf6c4d54198945856332e42f19318eb0f72,uint16,3328,2560,0.0,2252.0,476.05731201171875,700.940185546875,0.3199046208308293,False
/content/external_datasets/inbreast/INbreast Release 1.0/AllDICOMs/53582395_3f0db31711fc9795_MG_L_ML_ANON.dcm,True,,dc3b3543b3bb4ce45f863d128cb114dc0577d5554ae4a87488a6b700b76bd32c,7c73b188848685f990a993e92ab980fd2f175b918d8b4bb82734d9ffd33d58ae,uint16,3328,2560,0.0,2360.0,631.591064453125,737.7689208984375,0.4334201519305889,False
/content/external_datasets/inbreast/INbreast Release 1.0/AllDICOMs/53582422_3f0db31711fc9795_MG_R_ML_ANON.dcm,True,,131f7b91424bf482b53b0c26f53ebac900db0ecec69be81b6e123da789c61b3d,defc2a5799e84af2ba185738b4b279408081c376acb6fe86f55614e0c7304ec2,uint16,3328,2560,0.0,2544.0,521.7299194335938,703.271240234375,0.3677800105168269,False
/content/external_datasets/inbreast/INbreast Release 1.0/AllDICOMs/53582449_3f0db31711fc9795_MG_L_CC_ANON.dcm,True,,0a8bdfc2ad90ad3b16327077c6a86a4e9a1a408e2f3989ee3e44e3ed65c47b29,7d7ac385895135f6ae49951e06199521e0118a4d7cd4e024e15cfd4aaf61306c,uint16,3328,2560,0.0,2312.0,404.1307067871094,665.9769897460938,0.2732805692232572,False
/content/external_datasets/inbreast/INbreast Release 1.0/AllDICOMs/53582476_3f0db31711fc9795_MG_R_CC_ANON.dcm,True,,f44b5df13e0073e4a35f2fb9935171ee3e76f35399cbf753a887477631d21efc,dfbbe66492c0ed476ef38099e4f95ce3376a863190af8173956191c2cf5fe18b,uint16,3328,2560,0.0,2494.0,363.1881408691406,637.0228881835938,0.24966653677133413,False
/content/external_datasets/inbreast/INbreast Release 1.0/AllDICOMs/53582540_3e73f1c0670cfb0a_MG_R_ML_ANON.dcm,True,,7ef8c5e58d7f61ff86d1977ebb960f057edc4e02c5df60ebdba1cafcf4d61e44,d8c3714101ab1370990129e636738ff910443f4a4798eaf7d2dccc64b69f0bb0,uint16,3328,2560,0.0,2390.0,500.028564453125,721.5944213867188,0.3324657733623798,False
/content/external_datasets/inbreast/INbreast Release 1.0/AllDICOMs/53582567_3e73f1c0670cfb0a_MG_R_CC_ANON.dcm,True,,2098b176b549deea0ca5d1893de84c3551b2f92cb8d796d610552ee5f13116d5,6dafe7535190d29054952ca1435a66af3857e036875cd8dd8430d55e7b5951c8,uint16,3328,2560,0.0,2443.0,319.3761291503906,614.44921875,0.21572911189152644,False
/content/external_datasets/inbreast/INbreast Release 1.0/AllDICOMs/53582656_465aa5ec1b59efc6_MG_L_ML_ANON.dcm,True,,4a137e6da31e7cfef21bf1d246062aaa7e87e9dc7b7258f028907bae4aca4bb9,ff52d1101e899a9b64b546d8d5a98ae1e0522fcfb3f26c05ab34a6dd165cebfb,uint16,3328,2560,0.0,3539.0,337.681396484375,567.5076293945312,0.2966592641977163,False
/content/external_datasets/inbreast/INbreast Release 1.0/AllDICOMs/53582683_465aa5ec1b59efc6_MG_L_CC_ANON.dcm,True,,8b9a4a513580e1c8f98300c6cf4c3aebbf97279df242b1d156f16436f44c7b5f,1bdd6b8b6154e302f22fd74891b52f6ba8eeb49d097920fccdf9464e1ab3b6c0,uint16,3328,2560,0.0,3176.0,331.1637878417969,606.8870849609375,0.24728064903846153,False
/content/external_datasets/inbreast/INbreast Release 1.0/AllDICOMs/53582710_465aa5ec1b59efc6_MG_R_ML_ANON.dcm,True,,71e28507e8b10a9b5604d98f937fa917c7a56c58ce6e6e3e911f3799b3ca2130,0fa53d43923685a12c99dfb905a31c851cc3ca74fbfcec533a6e1b79f3ba476d,uint16,3328,2560,0.0,3040.0,742.736328125,734.39794921875,0.5177148672250601,False
/content/external_datasets/inbreast/INbreast Release 1.0/AllDICOMs/53582737_465aa5ec1b59efc6_MG_L_ML_ANON.dcm,True,,1903611743207875a8a6f5562bbda339b011f55bb3255ee4f5e30d5bf64522de,fb773c0477c6352ab5ded16a85c1618f5cd115e99bf256a2340222a7edc26b57,uint16,3328,2560,0.0,4084.0,472.6629638671875,690.8945922851562,0.3294198843149038,False
/content/external_datasets/inbreast/INbreast Release 1.0/AllDICOMs/53582764_465aa5ec1b59efc6_MG_R_ML_ANON.dcm,True,,dc1280e6ae4b7934c2155639a1bf8079028ddfa01a2bde2cb47b2e623e615497,b9fb528be905e3bb5751d61a7c66e83a11bec4461e553ba99f007f698fbfddb5,uint16,3328,2560,0.0,3216.0,681.78125,726.0301513671875,0.4779283963716947,False
/content/external_datasets/inbreast/INbreast Release 1.0/AllDICOMs/53582791_465aa5ec1b59efc6_MG_L_CC_ANON.dcm,True,,e74a9a206fc98378eb4f1b5c02886f832bc553f59af8d5486889b98dbc1aaf8e,3c1b7e1c647381285bb5c0ade5742633a53389599eac298484636532b4cd1b23,uint16,3328,2560,0.0,4095.0,437.1844482421875,680.2034912109375,0.299645761343149,False
/content/external_datasets/inbreast/INbreast Release 1.0/AllDICOMs/53582818_465aa5ec1b59efc6_MG_R_CC_ANON.dcm,True,,4c6f28646c9dd55e76d84d5d66bfc26f3d32074eb01d6e220920c90d4455c5b1,9f76143631c3762e83cae740bcd2bffbe2a48b48fe011c0e699aea890db48d94,uint16,3328,2560,0.0,3316.0,605.2184448242188,726.821533203125,0.4150812002328726,False
/content/external_datasets/inbreast/INbreast Release 1.0/AllDICOMs/53586361_dda3c6969a34ff8e_MG_L_ML_ANON.dcm,True,,a9553b81d2917fc62a2bf90dc49f991cfee8b95ffee5df85719dbfa149835e4b,dc0f39d692f1b38b7039c4b2ec9f7a84b1ff93a58d734785296ba941084d166a,uint16,3328,2560,0.0,2543.0,409.2321472167969,643.4471435546875,0.2941442636343149,False
/content/external_datasets/inbreast/INbreast Release 1.0/AllDICOMs/53586388_dda3c6969a34ff8e_MG_R_ML_ANON.dcm,True,,40b233fdb2b92282a64bf2e8b4cadcadc0579e0c09dbbeba559b6eb46cfa83fa,1162c3f91301b0c6360c460c16312eed5d492b483676e8acf2679c6462731297,uint16,3328,2560,0.0,2320.0,572.718017578125,715.6828002929688,0.39797633244441105,False
/content/external_datasets/inbreast/INbreast Release 1.0/AllDICOMs/53586415_dda3c6969a34ff8e_MG_L_CC_ANON.dcm,True,,b9172c24638bac72361e17fa16d60c0ccaeeb621412b094f022857f32b7b3169,5c485170a079fc0207d9c2bbe0293a2213fcafcc6df574c18170bc61878e0678,uint16,3328,2560,0.0,2528.0,307.35595703125,601.446044921875,0.2107488778921274,False
/content/external_datasets/inbreast/INbreast Release 1.0/AllDICOMs/53586442_dda3c6969a34ff8e_MG_R_CC_ANON.dcm,True,,6978518a8b0376f53ad959309ff33e943eb25aadf454a6dc98d4785fd49142d7,3953589f72c9bd647e0e393739cab3261234573feeacb2303f1370801d053157,uint16,3328,2560,0.0,2607.0,524.7763671875,716.9976196289062,0.35270538330078127,False
/content/external_datasets/inbreast/INbreast Release 1.0/AllDICOMs/53586724_e5f3f68b9ce31228_MG_L_ML_ANON.dcm,True,,c385c755e400e9177ada4873c3f1aa6de9cfcafae76dcfb8ab01ee3d4f1f7d4d,b6b03ffb527f152c371c3889427616c69a8183ad1a7b7ce2a416b95577ca7bc0,uint16,4084,3328,0.0,2670.0,660.5108032226562,736.1804809570312,0.455771864758344,False
/content/external_datasets/inbreast/INbreast Release 1.0/AllDICOMs/53586751_e5f3f68b9ce31228_MG_R_ML_ANON.dcm,True,,7eb3f9a4c4693d063fdcbc781eef05b1656d6d77e8e5f82e51cda775c3781fb7,7e7bf0d5d080d9b99464fc1f1aca09d2ca63f8cb5e8c03f200b42b1ec26854c1,uint16,4084,3328,0.0,4095.0,579.4754638671875,721.2008666992188,0.4032593187297521,False
/content/external_datasets/inbreast/INbreast Release 1.0/AllDICOMs/53586778_e5f3f68b9ce31228_MG_L_CC_ANON.dcm,True,,7c290ffe2e44187e926f2977b1e1ad72da1d6016bb7837b090016362ba11e4dc,15ba86ca69ae2fefb6ee25b0ddcd9a94e8ef3a8491e99d42d96ed937ff0ae575,uint16,4084,3328,0.0,2233.0,514.8493041992188,706.47705078125,0.35143153629548707,False
/content/external_datasets/inbreast/INbreast Release 1.0/AllDICOMs/53586805_e5f3f68b9ce31228_MG_R_CC_ANON.dcm,True,,bd3e6490788380b55aca6c567f5f9678a64667181a6cdef82d5b8ea3ba0842c5,6ac226ce1f858223eb0b07f4c797825425c1eeb7bdbb3281399e117f45f12f4c,uint16,4084,3328,0.0,4095.0,497.6739196777344,706.376708984375,0.3381499037048896,False
/content/external_datasets/inbreast/INbreast Release 1.0/AllDICOMs/53586869_6ac23356b912ee9b_MG_L_ML_ANON.dcm,True,,6ca19d16c353163cf8317d42eb19cac6196f3f3b656a17b7fb461ee11120db00,2add3a31c9a0e6c24136ab3fd1656bd96b810a24d09d54e248c1cd09e38216fa,uint16,4084,3328,0.0,2548.0,710.7459716796875,734.0433349609375,0.4933874365488209,False
/content/external_datasets/inbreast/INbreast Release 1.0/AllDICOMs/53586896_6ac23356b912ee9b_MG_L_CC_ANON.dcm,True,,4dc47161e0c7cf5b2f8f99df2aa0173b116dcab765c7a67bf55f43581a64b59b,8cc06ccf397767b4af16dae5a9cceb42e01dff1bbd553fb938520925956eef40,uint16,4084,3328,0.0,2344.0,644.563232421875,746.704345703125,0.43109440334702026,False
/content/external_datasets/inbreast/INbreast Release 1.0/AllDICOMs/53586960_809e3f43339f93c6_MG_L_ML_ANON.dcm,True,,9ed635ccf6b36711842249e59f90d3cd3037d8b55dc849bd43fb72ccebb8510b,8f64ae32d07fd24f9873ad893dc4d7fcd7a2d616252b42364f233cd794fe8267,uint16,4084,3328,0.0,2839.0,502.51556396484375,690.4893188476562,0.3561279830294583,False
/content/external_datasets/inbreast/INbreast Release 1.0/AllDICOMs/53586987_809e3f43339f93c6_MG_R_ML_ANON.dcm,True,,279fafcbe74d1d9e303e1618f826a9e7a6a89a1c44d3c70a5879519080f91859,17bb920ac9b2f17055c8623f037765f0f0505efb7525a2aff8b070fc1302c2a4,uint16,4084,3328,0.0,2249.0,615.529296875,727.7464599609375,0.4247790833600166,False
/content/external_datasets/inbreast/INbreast Release 1.0/AllDICOMs/53587014_809e3f43339f93c6_MG_L_CC_ANON.dcm,True,,ab8066f4de0dddb226827011cdee8630fba2091d18c96d0732e53b31cefcfc1b,5ca6bc7bbd84a7dc9124b06ba88faf861791dbb61aca750290fc7fcd0e56878b,uint16,4084,3328,0.0,2925.0,479.7157897949219,695.4463500976562,0.3263925267695698,False
/content/external_datasets/inbreast/INbreast Release 1.0/AllDICOMs/53587041_809e3f43339f93c6_MG_R_CC_ANON.dcm,True,,80d62abd2f8b6ec582adda31c46522c5d078fa9671490f1f799c8550c65207dc,8095bb97d6008592c066a2b440235438fb93c2977584228b6b4a6d64d00cef48,uint16,4084,3328,0.0,2082.0,615.6697387695312,734.6283569335938,0.4170428071790477,False
/content/external_datasets/inbreast/INbreast Release 1.0/AllDICOMs/53587104_7b71aa9928e6975e_MG_L_ML_ANON.dcm,True,,c221db3e10919298ef4d8fd6793ae949857392c22c199b9ae5eb325d40401492,541c6cd232bec23d1e06097ae15f9ad416c09323d07d7d66014ae14e9f1f5aa1,uint16,4084,3328,0.0,2333.0,463.2581787109375,670.6539916992188,0.32964322249585626,False
/content/external_datasets/inbreast/INbreast Release 1.0/AllDICOMs/53587131_7b71aa9928e6975e_MG_L_CC_ANON.dcm,True,,5b6d58eb0abfc36faddb54c7bcf4ff928f5c000e1bec55a488809c36bab5674c,c592ff13a548ddb526dc6434969ea756169e55b8ca93499b0c64019547f56bdf,uint16,4084,3328,0.0,2217.0,421.8388977050781,664.97265625,0.29198166625857,False
/content/external_datasets/inbreast/INbreast Release 1.0/AllDICOMs/53587427_d2befe622e188943_MG_L_ML_ANON.dcm,True,,f1e0a05ae500e422bd4d513a86c92ba781920a0a8b70c0b2dcfbc7fc25ac080b,5f952e64174a16d66618c3f4f5b40dad42745612d9d2e7de3d6e324d849b6015,uint16,3328,2560,0.0,2315.0,591.74365234375,688.1278686523438,0.4401155911959135,False
/content/external_datasets/inbreast/INbreast Release 1.0/AllDICOMs/53587454_d2befe622e188943_MG_R_ML_ANON.dcm,True,,bd02fa9a86f6bf29ed5d6a5734ae88f93c9f0b1f72e4edc51cf5f9f997e75fa6,0ba6f4964cec5e1f494a708e823581122678d1aa7a2ccf4add56e1b781f6aa90,uint16,3328,2560,0.0,2419.0,724.1094970703125,724.44482421875,0.5097059983473557,False
/content/external_datasets/inbreast/INbreast Release 1.0/AllDICOMs/53587481_d2befe622e188943_MG_L_CC_ANON.dcm,True,,592b0103b289f6a3d8ce15551ca24313d579cf6352ca67ce5d2aad935d3826d6,6deeb5c46d0e496a247a0dca9295d97d014bd4df4ae7a72201d0fd0553e893a4,uint16,3328,2560,0.0,2440.0,453.16497802734375,671.0018310546875,0.32131300706129806,False
/content/external_datasets/inbreast/INbreast Release 1.0/AllDICOMs/53587508_d2befe622e188943_MG_R_CC_ANON.dcm,True,,a42ff815ce7fc48ef20a459b6d5471bed9c69a45760c476470f06a775a56465f,50e1bff3b5eebb814a8d779a64616afcd91ece7a77528d7cb0a657f4a9bc1b13,uint16,3328,2560,0.0,2265.0,587.5401611328125,715.5020751953125,0.4101813683143029,False
/content/external_datasets/inbreast/INbreast Release 1.0/AllDICOMs/53587572_11e6732579acf692_MG_L_ML_ANON.dcm,True,,134dff966f6e153642dbc9a735a96aafa2a9ea3d29895c59e8ed3689e2555df8,efa7abefb52dac808a1c41b8926102bddcf1eb31550b10de2e2eeecaeef6cfc9,uint16,4084,3328,0.0,3070.0,589.6375122070312,709.3983764648438,0.4203045391725684,False
/content/external_datasets/inbreast/INbreast Release 1.0/AllDICOMs/53587599_11e6732579acf692_MG_L_CC_ANON.dcm,True,,6137946142670921c8899e3d5dd3d6a183d268e710811340a9ba3a85bdd5a73d,e35caa2e16225d4a55b25df726ee3a7a3cadd6c75eba9f637ef124f8c189ab96,uint16,4084,3328,0.0,3001.0,570.9441528320312,725.7078247070312,0.3890672676674452,False
/content/external_datasets/inbreast/INbreast Release 1.0/AllDICOMs/53587663_5fb370d4c1c71974_MG_R_CC_ANON.dcm,True,,77bd1cbe3b4f73790cc5d5be60981a6dede1bdabeeccdbcdb2ec3814fe629dbc,c56c5373009593e996702e4a1cf9ea5015ead7cea5125fde7865015fcaead657,uint16,4084,3328,0.0,4095.0,395.3704528808594,663.7355346679688,0.26499357836397197,False
/content/external_datasets/inbreast/INbreast Release 1.0/AllDICOMs/53587690_5fb370d4c1c71974_MG_L_ML_ANON.dcm,True,,e1000957ede04d6d7e709eadfe2a4c745fd576218d232fa3c1637f2a54e6bafa,bbc7d7ec1964dd7ab01d2e3244fc65ebc2162a8fa91be381864bf15a4a21ab4a,uint16,4084,3328,0.0,2661.0,562.4970703125,726.8314819335938,0.3800791844816545,False
/content/external_datasets/inbreast/INbreast Release 1.0/AllDICOMs/53587717_5fb370d4c1c71974_MG_R_ML_ANON.dcm,True,,3b723d9695eb03bd544edd48ec9138dba6aaf6e2ebe1cb531ed59bbdac318277,ef64de5cda916fd70334c4190cf5cc50c31d9e01e0e3ba5ff3a0491aec5fd1cf,uint16,4084,3328,0.0,4095.0,448.2462463378906,700.1517333984375,0.2970442227642583,False
/content/external_datasets/inbreast/INbreast Release 1.0/AllDICOMs/53587744_5fb370d4c1c71974_MG_L_CC_ANON.dcm,True,,61c387a13f55989c84bb9e4c2460169342765eacf8cc8c17df775dd8a2c69faa,62d2c867e1fce6417a49b9294f4c07c8a62bdc021e1df61037f8151add9ca155,uint16,4084,3328,0.0,2252.0,489.9598693847656,706.8878784179688,0.32727027789026597,False
